EventID,T1d,T2d,T3d,T4d,T5d,T6d,T7d,T8d,T9d,T10d
INDOFLOODS-gauge-585-1,24.93390467,48.42657283,48.4950855,48.54591142,49.14929855,49.22240659,49.28595412,49.28595412,49.35966676,49.43852962
INDOFLOODS-gauge-585-2,50.17239467,124.849268,146.39705769999995,152.49658369999997,173.97270769999997,206.8292377,245.7084497,294.5472218999999,325.5439777,360.863843
INDOFLOODS-gauge-589-1,62.24332081,127.4388631,163.34495980000003,210.3157912,246.50766980000003,267.7521019,285.096177,300.5564881,320.0633106,337.0987157
INDOFLOODS-gauge-589-2,32.18538235,57.46317283,90.89416598,103.7299918,165.9733126,231.1688549,267.0749516,314.0457829,350.2376615,371.4820937
INDOFLOODS-gauge-589-3,73.58089571,202.8814104,317.77013789999995,383.7656693,409.6660134,424.7461933,427.70990210000014,436.456134,440.9523415,445.5734695
INDOFLOODS-gauge-589-4,33.16173273,88.63332892,118.9005292,125.7917685,130.7461095,135.9033801,141.72579299999995,145.6574328,153.2228371,162.6285678
INDOFLOODS-gauge-589-5,5.793015201,32.25231137,67.01500923,79.18213859,89.05560386,98.42408482,101.0963702,103.0565793,109.0848271,109.5358859
INDOFLOODS-gauge-589-6,40.317713,77.65278204,109.6331557,120.3361519,127.0531442,135.09288519999998,139.4653783,143.42011399999996,147.1817575,158.5015525
INDOFLOODS-gauge-589-7,31.98300797,58.03689276,92.93362939,131.3936064,151.24798909999996,162.55674019999995,180.8900324,194.0550745,204.0148478,239.6775752
INDOFLOODS-gauge-589-8,61.28059877,131.4883687,163.5325072,178.38323559999995,197.4154799,212.8605311,220.2236179,227.4329491,237.6460001,251.8182503
INDOFLOODS-gauge-589-9,17.30982089,41.37971338,91.20640827,133.7372555,151.5538988,170.65609009999997,184.9546763,197.0932442,206.9185855,217.5877884
INDOFLOODS-gauge-589-10,7.126762764,50.33913464,80.40572399,94.54259992,113.5577219,129.6008602,145.0769964,171.0663825,246.8539041,262.425245
INDOFLOODS-gauge-589-11,42.2343995,132.9659565,324.2750513000001,355.6763625,370.6531813,379.1908608,391.5953568,406.5247203,451.6905048,461.2736861000001
INDOFLOODS-gauge-589-12,36.67216464,86.55166539,105.8166648,134.4447907,163.48988530000003,189.2669228,209.9234312,228.7590662,239.1597039,245.5931146
INDOFLOODS-gauge-589-13,46.58182655,110.3735769,159.98957099999996,178.14134030000002,192.4373642,204.502248,220.902511,233.3675004,242.1425625,260.3188811
INDOFLOODS-gauge-589-14,86.28875809,139.2370561,192.7731488,208.3111449,232.6047801,240.9592515,246.2494806,252.5495305,268.7091825,288.70978189999994
INDOFLOODS-gauge-589-15,13.89798201,38.66154299,70.58320984,91.28374438,98.48629842,109.27005590000002,143.467487,176.4967425,181.6334907,190.0987917
INDOFLOODS-gauge-589-16,17.70403447,75.62793504,144.0253695,178.7398681,210.5226079,250.8353772,290.5721946000001,296.6562281,298.4828693,299.8494597
INDOFLOODS-gauge-589-17,11.13673551,18.09447717,27.27131544,38.19642119,44.24219953,53.61032789,71.31436236,129.2382629,197.63569740000003,232.350196
INDOFLOODS-gauge-589-18,46.74542219,95.68272259,110.2373078,116.5893399,120.7311934,123.7491619,126.0182798,128.5202945,131.2864249,132.9223615
INDOFLOODS-gauge-589-19,7.028294885,37.90359177,70.60971412,80.09963522,92.05453314,105.6536921,118.1072562,139.7433628,168.72602769999995,215.9951483
INDOFLOODS-gauge-589-20,91.60347395,161.3573331,177.1744406,185.4768096,195.7868877,204.4765121,219.566766,237.5483838,250.4970335,259.4612725
INDOFLOODS-gauge-589-21,85.62411476,147.2307388,183.240736,191.8058115,199.9679554,213.0085499,245.1586634,287.4169734,306.9078537,318.4883826
INDOFLOODS-gauge-589-22,75.96451958,128.1955281,164.1958421,176.8975021,184.3974826,208.7765911,232.2608324,251.5904244,295.8433795,381.4674943
INDOFLOODS-gauge-589-23,91.55070453,115.1192744,142.772473,166.4214366,176.7858698,185.8205418,201.2220578,237.4594069,315.5593171,347.7529935
INDOFLOODS-gauge-589-24,27.97144541,62.75274674,88.04650547,93.88466172,100.586759,123.0914813,163.379646,194.3416399,220.28185750000003,226.1185453
INDOFLOODS-gauge-589-25,54.82146136,94.43797435,117.1684821,129.65761609999998,172.80014440000005,213.0748191,242.357464,298.3415571999999,362.0520709,378.1171995
INDOFLOODS-gauge-596-1,75.879196,152.235266,253.441276,318.35646,385.66115,430.42662,465.987754,616.443414,687.8629540000002,738.7918400000002
INDOFLOODS-gauge-596-2,135.38837,221.47127000000003,297.60142,424.382075,525.13872,609.8254900000002,779.13573,968.8951,1015.462647,1072.267285
INDOFLOODS-gauge-602-1,177.0376221,475.3528079,719.7026279,861.3389193,957.559661,1014.634913,1168.291839,1303.91672,1436.165322,1713.920673
INDOFLOODS-gauge-612-1,13.95741476,27.62478801,45.97907167,64.85791136,76.15727058,83.45213315,88.81286611,92.38080798,99.21209757,108.6894008
INDOFLOODS-gauge-612-2,41.61078476,90.5328768,160.09474550000004,183.7125842,198.6363504,224.6490676,249.0858106,262.0808215,278.48085530000003,296.8293718000001
INDOFLOODS-gauge-612-3,4.327253712,14.71860121,40.9116674,52.33381285,61.86846877,78.04324544,120.7698556,162.3806404,211.3027324,280.8646011
INDOFLOODS-gauge-612-4,6.820458693,43.00715686,76.08850708,97.64783644,118.6190817,135.0259697,146.04599380000005,153.2886935,161.0522716,168.4322959
INDOFLOODS-gauge-612-5,20.52792665,50.85741101,80.18923674,132.9086837,142.66464340000005,151.1591877,154.2605899,163.90835780000003,174.3578307,188.4582523
INDOFLOODS-gauge-612-6,6.587005548,13.46711314,36.04250812,63.73701143,81.98769965,91.0147681,106.7000618,122.8258932,131.36863449999998,142.97992050000005
INDOFLOODS-gauge-612-7,0.654837171,6.574557382,13.66002446,43.3807829,48.6692819,52.66664197,70.94745641,104.8334684,126.5464717,144.12848180000003
INDOFLOODS-gauge-612-8,11.08802286,36.55052528,70.20270294,90.89999718,99.20357023,103.1810815,105.85719170000002,108.9219188,110.5044217,113.55520520000002
INDOFLOODS-gauge-612-9,9.301134719,18.73246162,29.24504925,39.39945152,50.07428803,66.00536574,84.66257712,101.3741016,120.6363284,134.3742957
INDOFLOODS-gauge-612-10,32.58641168,66.7289986,102.1000084,117.38512,119.3994407,143.99768480000003,172.5506949,179.96530009999995,188.183235,195.704136
INDOFLOODS-gauge-612-11,6.760917807,25.59494156,49.47357365,82.70103644,94.36478595,103.1639487,108.3984293,115.13315159999998,118.95390659999998,122.9462925
INDOFLOODS-gauge-612-12,14.35675002,33.83901262,54.4653919,62.25430177,72.8111928,81.8175218,86.67061452,91.65223959,117.8304618,150.08692219999998
INDOFLOODS-gauge-612-13,13.4430697,49.52525493,71.33777357,87.91406957,97.22851105,129.32323799999998,140.02698999999998,141.9354741,146.48919130000004,148.7642333
INDOFLOODS-gauge-612-14,13.20067225,35.47141655,53.19994237,77.54368247,98.7070232,112.6707334,119.41125259999998,146.3534664,163.4175058,175.3188806
INDOFLOODS-gauge-612-15,23.18955968,28.77100094,43.52672589,48.80839241,61.52892693,72.25582527,85.28948663,105.0022625,129.6655317,152.3388556
INDOFLOODS-gauge-612-16,27.91574835,48.45058664,63.88851806,92.59407673,121.3916383,128.5646612,135.48723049999998,152.9124763,165.2358243,168.8962425
INDOFLOODS-gauge-612-17,14.01894424,28.41812619,54.84669087,61.04628246,64.53330815,112.486144,119.6615439,124.91928459999998,129.3957014,139.82638640000002
INDOFLOODS-gauge-612-18,26.19390315,38.53241903,50.49082517,65.77813229,70.00455721,79.19898201,96.80400193,99.76736319,104.3485636,116.94818229999998
INDOFLOODS-gauge-612-19,9.763657835,32.14545154,79.66443909,106.5411773,127.4445062,145.50599419999998,158.77607780000002,176.506563,204.3701668,221.70389330000003
INDOFLOODS-gauge-612-20,4.13206856,20.92914233,63.59117114,93.66906655,103.0068867,108.957147,115.019342,121.8038313,125.9551399,130.1926978
INDOFLOODS-gauge-612-21,28.73027145,77.60649242,111.1796917,133.8232672,141.9089218,153.02537880000003,159.03788269999995,163.21975680000003,166.2754059,177.2291821
INDOFLOODS-gauge-612-22,14.00054911,35.35934620000001,55.21726149,66.17246865,71.52223593,80.31224240000002,93.47841339,109.8215192,138.5517906,187.4280116
INDOFLOODS-gauge-612-23,3.222319161,10.78183591,21.35544501,43.54072884,52.12599588,56.70753373,61.12931258,73.64907609,86.74239101,90.59254838
INDOFLOODS-gauge-612-24,7.775146146,36.96295149,90.79863232,97.76692931,98.02361366,100.458844,119.6379311,131.6793265,138.2188055,142.0312791
INDOFLOODS-gauge-612-25,35.39434113,62.79467006,71.03799158,75.10347721,77.0929058,78.79005615,80.35070846,81.65651042,83.31566514,85.37776651
INDOFLOODS-gauge-612-26,18.03238994,24.39836677,25.53467457,30.52570784,34.88843353,52.14761947,61.42051261,79.13230804,83.55893813,83.70196398
INDOFLOODS-gauge-612-27,17.29044248,23.55516412,26.32306933,30.35884223,32.81516928,38.57678005,40.90619513,43.76769593,55.68605205,73.71844200000002
INDOFLOODS-gauge-612-28,17.54022379,34.98095223,77.05891413,149.2405142,179.17279630000004,187.3411845,196.3923122,203.7974803,217.8074363,231.771914
INDOFLOODS-gauge-612-29,64.58582516,93.10517301,105.4751414,123.0153652,140.4560936,182.5340555,254.7156556,284.6479377,292.8163259,301.8674536000001
INDOFLOODS-gauge-612-30,11.0832411,34.00947814,75.00063262,132.3983402,149.0570522,154.8001848,159.3761354,165.57592590000004,183.8552172,206.3212737
INDOFLOODS-gauge-612-31,42.05515072,95.06096784,127.6845777,136.13520309999998,140.1290404,154.0425957,166.3804285,177.4636696,200.3899066,241.3810611
INDOFLOODS-gauge-612-32,2.172930769,12.39616779,27.83495091,35.45797662,47.44320155,60.76078052,68.92692771,94.36057282,109.1927711,129.7567143
INDOFLOODS-gauge-612-33,20.39085835,41.43671541,47.46697817,67.38853488,80.90864996,82.93949812,83.41843663,83.61808244,85.69098802,88.88020575
INDOFLOODS-gauge-612-34,3.467477783,17.24032441,52.71190997,63.24030146,71.36480912,78.49894744,93.86952542,114.8675038,129.336326,147.66887749999995
INDOFLOODS-gauge-612-35,14.80933763,44.18199864,98.38971736,138.63691369999998,159.91533069999997,173.5817242,183.4605813,213.1388421,242.1802623,263.6885394
INDOFLOODS-gauge-626-1,43.9468333,52.26284354,57.23479343,67.38545724,91.19622755,126.7158483,134.9301247,165.4404355,227.0859935,243.9669531
INDOFLOODS-gauge-635-1,27.26895661,53.24589487,100.466483,129.4288519,137.5893066,156.134499,182.6191846,195.6092023,236.0546469,271.52689280000004
INDOFLOODS-gauge-635-2,13.25609172,31.86003516,42.31393556,52.7273221,67.16205126,94.43100787,120.4079461,167.6285343,196.5909032,204.7513579
INDOFLOODS-gauge-635-3,25.321062,41.87952843,87.61486572,110.5747215,130.1725488,134.82682219999998,134.82682219999998,134.82682219999998,134.8497281,134.9220379
INDOFLOODS-gauge-635-4,30.54233084,57.96353645,84.26637666,133.2983071,188.0608738,214.1267706,277.5244554,305.9858512,325.09087410000006,329.3850801000001
INDOFLOODS-gauge-635-5,0.009591945,0.009724308,0.072019006,0.096923854,0.108637297,0.109300734,0.305370609,0.508096832,0.5222244189999999,0.525670634
INDOFLOODS-gauge-635-6,0.0,0.0,0.0,0.0,0.0,0.0,0.0,0.0,0.0,0.0
INDOFLOODS-gauge-635-7,0.0,0.0,0.0,0.0,0.0,0.0,0.0,0.0,0.0,0.0
INDOFLOODS-gauge-635-8,0.0,0.0,0.0,0.0,0.0,0.0,0.0,0.0,0.0,0.0
INDOFLOODS-gauge-635-9,0.0,0.0,0.0,0.0,0.0,0.0,0.0,0.0,0.0,0.0
INDOFLOODS-gauge-640-1,54.34657697,98.8958021,143.5594809,172.97497990000005,195.6500742,209.5582738,221.2987883,235.4319837,247.7265239,266.4293663
INDOFLOODS-gauge-640-2,35.52808322,59.48464821,73.40708768,97.82573457,117.9412438,126.9224877,134.2447795,135.1220512,136.0561755,137.153497
INDOFLOODS-gauge-640-3,8.248029838999999,81.15975148,95.54736541,102.6575709,132.142642,157.96462830000004,171.0422889,175.3338294,175.4721455,176.30653049999995
INDOFLOODS-gauge-640-4,35.0644985,87.12518284,150.2121524,182.9582739,208.0657441,239.285625,266.2990415,304.4851625,317.1973502,338.2032843
INDOFLOODS-gauge-640-5,119.1206753,250.8031567,349.7357406000001,389.2636682,426.2558942,438.1604661,445.6221682,464.2850193,470.0690071,471.534053
INDOFLOODS-gauge-640-6,37.11847463,55.68176252,63.66065326,68.45708619,71.03519092,74.36975562,78.97967561,86.57436362,110.0434218,146.35314540000005
INDOFLOODS-gauge-640-7,70.99478154,124.89738590000002,141.8057762,152.81903590000005,173.7734146,185.8498944,191.3181511,199.4303665,206.0596288,227.0352682
INDOFLOODS-gauge-640-8,35.04947357,96.64109091,121.4045746,135.6083599,145.00059199999995,158.47689269999995,166.7275128,175.6483699,194.560328,210.3551523
INDOFLOODS-gauge-640-9,48.63709065,65.63344419,89.59167561,104.2640072,114.2127608,124.8711915,178.077129,250.2594272,288.4629046,301.3901354
INDOFLOODS-gauge-640-10,33.86630307,59.65798704,66.84659254,75.5302983,84.49533224,95.84956466,103.95332059999998,109.618029,126.0756353,136.0119752
INDOFLOODS-gauge-640-11,53.73618375,91.78533922,133.83110109999998,168.6281879,184.8757554,192.0116835,244.7134921,278.5797952,304.3714792,311.5600847
INDOFLOODS-gauge-640-12,44.12174676,80.53706565,100.1516566,118.0012063,138.7751132,162.6707155,187.4237413,277.7793116,315.0540083,328.00143
INDOFLOODS-gauge-640-13,160.6556889,258.57771549999995,266.2376679,280.3083436,290.9412968000001,303.2950905,359.4177633,406.3382526,413.4713081,415.7416467
INDOFLOODS-gauge-640-14,72.28009019,91.70745278,101.6674434,130.5921122,177.3974389,202.1348915,219.4446247,229.1018284,237.1347381,243.6582736
INDOFLOODS-gauge-640-15,25.49026213,50.15841536,75.91492407,101.3881509,113.6048344,128.80543070000002,133.82424790000002,140.3394289,143.70214850000005,145.9762911
INDOFLOODS-gauge-640-16,81.50620029,117.8775464,134.95353169999998,148.5193093,162.8706207,178.4126051,187.7150293,197.9182992,213.7359268,251.799653
INDOFLOODS-gauge-640-17,101.2743646,166.77321569999995,214.836242,232.5771501,254.15743390000003,263.5946292,271.4952612,277.1123841,295.0958452,313.4766534
INDOFLOODS-gauge-640-18,58.54522298,137.6393659,168.3181847,207.4556869,255.6060952,302.1299764,311.3202669,314.519858,315.1741151,315.8636298
INDOFLOODS-gauge-640-19,42.19153804,51.89669137,59.43086807,63.35192971,66.81287574,70.53079542,73.60464918,76.14896672,78.57030309,82.74213058
INDOFLOODS-gauge-640-20,130.8895072,186.1315018,202.8383877,213.5320129,223.5427591,236.568979,252.1320122,270.3017125,283.04148060000006,287.5888163
INDOFLOODS-gauge-640-21,116.7512048,175.7759498,203.0550524,243.1748985,279.075925,369.2962719,500.1857791000001,555.4277737000001,572.1346596,582.8282847999999
INDOFLOODS-gauge-640-22,74.68858425,206.1323992,241.52433080000003,254.0791397,264.6856834,278.0455538,320.4377623000001,373.9208433,391.7465606,402.5227673
INDOFLOODS-gauge-640-23,91.91500318,123.2954212,131.8606263,139.9989032,172.46378059999995,202.1605251,229.245702,274.49678470000003,349.185369,480.629184
INDOFLOODS-gauge-640-24,35.25509539999999,64.7313175,113.34985729999998,196.4788781,280.2966837,372.2116869,403.5921049,412.15731,420.2955869,452.7604643
INDOFLOODS-gauge-640-25,23.09293945,60.63376892,78.94337163,105.3199549,133.9864226,152.5270512,187.7821466,217.2583687,265.8769085,349.0059294
INDOFLOODS-gauge-640-26,70.46298926,144.6464573,185.889588,215.5076995,234.3220605,292.7273370000001,339.5804036,378.2167237,478.0730795,548.5820570000002
INDOFLOODS-gauge-642-1,56.37284325,124.1018624,210.2155538,236.4082872,253.9381107,280.0995272,299.4469614,316.9548825,335.4707001000001,355.2825293
INDOFLOODS-gauge-642-2,43.423059,81.64557983,109.6279305,137.9207598,157.7824439,172.2960774,181.4577255,189.7432318,199.2266275,207.7148017
INDOFLOODS-gauge-642-3,29.90255879,75.01718595,101.3463153,112.8151478,117.8237116,121.0296332,122.8201396,124.9007908,127.97338729999998,133.7412372
INDOFLOODS-gauge-642-4,29.96693219,40.91878088,55.64331365,65.98132594,72.69960574,79.73730583,115.31230320000002,161.69776940000003,187.5624566,196.4593484
INDOFLOODS-gauge-642-5,17.90236173,49.88431946,75.34000403,104.9351034,129.06574070000002,142.7736049,148.0846594,182.7800316,205.8826361,221.5638912
INDOFLOODS-gauge-642-6,41.17010352,108.3265992,153.68379230000005,185.1177623,196.3520013,210.9656344,217.6648069,222.6570927,226.4269121,238.91436580000004
INDOFLOODS-gauge-642-7,16.60361857,47.28045817,75.57965837,90.81213975,98.59061472,111.5733886,130.3695641,154.39452240000003,195.5646259,262.7211216
INDOFLOODS-gauge-642-8,51.28143836,83.30755734,91.24400369,96.49048934,99.14784729,101.3658975,103.6047719,105.4446246,107.0016573,108.7138816
INDOFLOODS-gauge-642-9,23.6063832,81.14444409,170.87222340000002,209.0665976,220.2088957,228.15372830000004,235.2831655,246.39993790000003,259.395138,274.2059859
INDOFLOODS-gauge-642-10,81.35324754,119.5517039,136.85856819999998,162.4691051,186.0754883,243.6135492,333.3413284,371.5357027,382.6780008,390.6228334
INDOFLOODS-gauge-642-11,30.25593668,81.76920318,163.99830390000002,186.8212694,194.3973104,200.9420726,209.3832932,235.7704302,268.7423465,280.3870777
INDOFLOODS-gauge-642-12,55.70474834,120.5214663,147.01044009999995,155.0382663,160.1006142,179.570708,197.3918653,213.6160146,243.87195130000003,295.3852178
INDOFLOODS-gauge-642-13,4.919016526,6.510916441,7.436128556,8.012798456,9.36897473,10.94953676,12.24721545,12.50157356,12.72564214,13.8827551
INDOFLOODS-gauge-642-14,38.41021671,99.46397052,150.6460529,177.0731476,195.1904839,207.903958,246.0186706,276.4265505,303.3578205,368.8207265
INDOFLOODS-gauge-643-1,111.1554268,149.3829312,176.0825121,200.77429730000003,217.9303324,239.2852182,260.5165059,288.4528640000001,328.5598188,356.987023
INDOFLOODS-gauge-643-2,67.34945168,117.2066923,155.5214541,217.1565333,258.1016068,288.983814,313.8321333,352.1755327,387.5719906000001,407.7520185
INDOFLOODS-gauge-643-3,75.48846271,114.3104387,145.2200431,179.67845119999996,217.5358114,293.0724668000001,325.3437535,347.4091127,358.6224596,365.1630692
INDOFLOODS-gauge-643-4,38.39635092,82.33580427,116.6426888,172.77689099999995,240.5406021,276.9965129,303.1861778,323.8624563,343.7615678,353.4421047
INDOFLOODS-gauge-643-5,31.65152875,82.14581813,128.26764340000005,171.01025180000005,191.93238280000003,245.2634041,279.5084022,312.1671272,340.3581039,367.1528859
INDOFLOODS-gauge-643-6,99.33539718,180.9286918,219.0133771,237.625679,250.7020772,270.077296,301.7288247,352.2231141000001,398.3449394,441.0875478
INDOFLOODS-gauge-643-7,47.57983361,110.2908841,187.6715583,234.69230840000003,272.9767679,313.3561261000001,340.9853313,361.65042610000006,371.3994333,376.8106875
INDOFLOODS-gauge-643-8,20.95866111,37.62613846,108.7592455,133.12675359999997,153.79739890000005,174.8823748,191.4290206,203.0081776,220.7531157,232.9282559
INDOFLOODS-gauge-643-9,42.0937162,100.2664695,170.2972158,214.02235640000004,237.7353449,270.7866202,313.9436417,326.4930773,355.6828175,365.1161942
INDOFLOODS-gauge-643-10,63.47147929999999,140.4630541,160.3292371,168.9438188,179.6974852,195.2089583,229.5127883,256.661757,294.20518210000006,330.0045712
INDOFLOODS-gauge-643-11,72.5293185,134.82216519999997,157.0109514,169.08209309999995,178.55355459999996,186.9570596,193.2187176,198.5795672,203.220019,205.8337899
INDOFLOODS-gauge-643-12,49.02069657,72.7763671,100.5490266,191.1436943,226.4471128,233.7392721,234.9154685,237.1816993,240.0114566,242.358061
INDOFLOODS-gauge-643-13,81.34529886,164.32376269999995,201.4598307,217.3362436,232.7571309,247.8343894,262.8609179,306.0595685,335.3454849,363.335172
INDOFLOODS-gauge-643-14,53.44644275,154.40197759999995,181.79944630000003,208.694525,237.2045442,259.0074318,262.3882345,266.6005005,267.4424648,268.1208381
INDOFLOODS-gauge-643-15,75.59602491,193.9353611,288.6972904,330.3127976,342.8880825,365.2452497,400.27293060000005,436.0138349,441.1789448,446.1339925
INDOFLOODS-gauge-643-16,56.75874386,116.2947959,169.5612835,225.4001555,252.9692672,257.9183945,265.9215715,274.8174151,282.34837180000005,287.6832198
INDOFLOODS-gauge-643-17,45.89233927,114.9358006,133.55210970000002,162.7239707,199.4153936,240.9315495,265.8227574,302.449674,364.495568,452.5436419
INDOFLOODS-gauge-643-18,53.31583299,96.64980949,121.5480163,129.3219134,133.93446070000002,160.4693541,172.1370999,195.1600281,217.0289991,240.6019592
INDOFLOODS-gauge-643-19,175.35944569999995,260.96676040000006,311.3930648,335.8565452,364.8402278,397.886414,504.3997572,524.7059322,529.1350698,535.9976081
INDOFLOODS-gauge-643-20,26.43499821,54.14375385,80.43176795,93.90119175,127.2224379,164.4197822,190.8045133,214.19112400000003,243.447325,264.1712945
INDOFLOODS-gauge-643-21,28.89286105,84.99582082,137.65143769999997,180.9736955,211.6159907,238.050989,265.7597446,292.0477587,305.5171825000001,338.8384286000001
INDOFLOODS-gauge-643-22,49.7856688,82.79048900000002,111.68335,167.78630980000003,220.4419267,263.7641845,294.4064797,320.841478,348.5502336,374.8382477
INDOFLOODS-gauge-643-23,33.70876045,81.59142391,125.94844270000002,167.9891083,263.0529812,316.4605588,333.2752256,345.1244817,350.3798573,355.0554463
INDOFLOODS-gauge-643-24,33.7081448,77.92535871,192.6447092,223.6232401,231.4527009,235.3565798,239.14889930000004,240.3807883,241.1708756,242.13667180000004
INDOFLOODS-gauge-643-25,95.751892,135.851636,197.705672,240.9611648,334.9792096000001,417.2517286,440.5998249,506.5541982,526.5886541,536.096265
INDOFLOODS-gauge-643-26,88.19163595,133.1287924,174.4904708,213.2017946,261.9137743,300.8776215,325.5600469,357.545859,408.5680757,478.4908724
INDOFLOODS-gauge-643-27,20.17448884,52.59166559,72.13545016,94.42125678,114.2068362,132.5764287,148.4259177,158.27972780000005,174.26284730000003,191.2320297
INDOFLOODS-gauge-643-28,19.23451151,37.21405276,61.6753662,82.59337717,92.58180574,112.1767006,129.00741259999998,149.14341240000005,170.27257749999995,191.9390122
INDOFLOODS-gauge-643-29,46.57995364,101.2264456,156.7637959,225.0358409,282.7278785000001,312.2352076,331.9198087,357.0874834,379.5512823,404.8810438
INDOFLOODS-gauge-643-30,49.73602545,94.01878459,154.1379665,172.42761140000005,191.7480103,202.312668,221.798196,224.2577853,228.1024044,240.8597359
INDOFLOODS-gauge-643-31,74.49100332,134.29531730000002,182.3118469,196.0239668,202.9746965,210.1244929,218.8606751,244.4300403,314.3271822,348.355995
INDOFLOODS-gauge-643-32,25.57547631,53.75852357,79.8977173,109.5932854,137.5339063,163.58655890000003,179.3850368,218.8659039,251.8702827,270.1276379
INDOFLOODS-gauge-643-33,13.46028912,32.51484947,49.17906374,63.54569571,73.84630791,79.5886392,81.22757032,82.00041637,89.39715336,100.1391132
INDOFLOODS-gauge-643-34,17.98128787,49.4453492,73.16191223,94.51590511,107.2276408,113.2398273,117.2723675,121.1844377,126.3785151,131.78552620000002
INDOFLOODS-gauge-643-35,83.95578723,191.9667538,232.7865389,273.85569,292.3541282,307.3746351000001,321.305658,347.8348028,372.4016549,389.7617361
INDOFLOODS-gauge-643-36,62.40574318,118.7058185,131.0093222,149.90959619999995,184.68740280000003,191.8871905,202.0665157,217.8965551,232.2437792,253.528945
INDOFLOODS-gauge-643-37,72.99533523,139.4783033,213.3456027,273.4751559,318.6184605,349.0059512,377.6898889,417.4006375,495.14907710000006,543.7722341
INDOFLOODS-gauge-643-38,25.15108734,89.64045439,132.4866627,187.8772182,221.0331757,240.636078,253.2713834,263.0006147,269.3978682,275.64085750000004
INDOFLOODS-gauge-643-39,32.90603454,86.65920608,170.059104,243.0985419,271.61706719999995,326.4424263,389.0433788,429.4056933,486.4023386,530.4987847
INDOFLOODS-gauge-643-40,112.729865,200.6852075,213.7735432,218.1431386,225.64309530000003,259.0546919,279.80134760000004,293.3403529,297.5915515000001,308.1767467
INDOFLOODS-gauge-643-41,38.04849545,88.33123939,119.6495019,145.0077897,196.3417321,245.9195765,289.1845513,339.1946119,360.8348492,383.8521538
INDOFLOODS-gauge-643-42,51.8361815,94.45168262,144.83234480000004,206.6822402,220.0800701,225.7978202,229.3278115,232.5217029,235.4473667,240.15127830000003
INDOFLOODS-gauge-643-43,51.85712541,78.20900661,90.15337334,99.69422239,107.2434619,115.3424704,121.9193277,129.3295104,134.10691509999998,150.780489
INDOFLOODS-gauge-643-44,28.17582852,111.2514314,166.3919429,200.35926,240.4748081,287.7956786000001,314.80900269999995,356.9003166,414.6300661,450.9842502
INDOFLOODS-gauge-643-45,7.810526556,21.2594542,43.69307947,63.89000199,83.47308396,107.3680826,129.4025612,152.9677347,168.19561299999995,182.1500042
INDOFLOODS-gauge-643-46,58.27657779,144.0894622,222.4754055,253.5704182,289.1158792,303.4977794,321.0560662,350.2576919,377.7375001,390.0945172
INDOFLOODS-gauge-643-47,21.365448800000006,51.64156621,87.58215636,113.1239029,127.781677,135.9775351,146.47494740000005,157.73128169999995,170.4141066,188.4449877
INDOFLOODS-gauge-643-48,124.5556572,190.4252152,248.5918902,315.4289949,378.0053124,430.14404289999993,456.0804903,477.265712,538.2234844,585.4062848
INDOFLOODS-gauge-643-49,58.14772583,133.8602761,184.8002014,217.038723,242.2212969,264.8279639,307.6449893,342.596038,360.0041259,372.1402446000001
INDOFLOODS-gauge-643-50,32.64134524,81.52940215,139.9909513,177.1063227,204.088408,231.6400556,256.15805040000004,269.6978392,285.855606,290.3396265
INDOFLOODS-gauge-643-51,28.5161475,61.54448118,96.66684507,120.044936,145.15850780000005,149.2381615,155.340791,167.3286185,183.7936036,187.9602912
INDOFLOODS-gauge-643-52,49.92144441,125.6675179,163.7297054,216.18248190000003,259.8593322,315.4428028,358.1786008,372.2402209,405.3784144,429.3521909
INDOFLOODS-gauge-643-53,45.26956265,90.04823326,133.5466392,184.7379728,216.5205302,236.3884594,248.8177524,264.9958676,274.493556,297.2039298
INDOFLOODS-gauge-643-54,105.6768559,236.1464623,297.4527143,320.0810751,343.0815107,366.2836561,405.8994475,430.787324,449.8712947,475.3910845
INDOFLOODS-gauge-643-55,17.27597472,35.444469700000006,55.60236887,70.57649301,85.9155717,101.17479190000002,112.8051104,125.4860816,138.02136299999998,155.96436459999995
INDOFLOODS-gauge-643-56,12.59489076,35.59999174,56.07624099,79.09831481,91.74183164,106.0392284,134.05240849999998,135.54391950000002,138.7162755,169.4415297
INDOFLOODS-gauge-643-57,50.31295991,73.2237078,90.88489422,106.5175592,113.4359299,125.0499709,138.0966877,151.3904544,163.98534519999995,186.9904461
INDOFLOODS-gauge-643-58,64.27731477,166.2269668,240.4228316,269.9102467,287.9383212,303.9968018,322.2173531,346.9221388,363.63874310000006,381.1736444
INDOFLOODS-gauge-643-59,47.60718824,122.2389602,169.0621925,200.2419385,221.0104392,246.1515331,262.7184761,280.6144532,298.9929601,318.2445682
INDOFLOODS-gauge-643-60,62.04614743,125.447319,144.6335796,162.0169785,181.2399169,228.8471051,303.4788771000001,350.30210939999995,381.4818554,402.2503561
INDOFLOODS-gauge-643-61,41.85506636,87.41097066,104.997151,122.5428537,145.2015163,191.8245347,277.4499329,306.4951578,316.54592139999994,331.6855113
INDOFLOODS-gauge-643-62,39.81301017,74.67466718,127.1856833,186.757975,228.4676619,245.9305902,263.5221974,273.0192304,312.4592524,337.6543705
INDOFLOODS-gauge-643-63,100.2267655,171.6664596,218.947103,242.7580613,290.0697461000001,317.6584222,334.9798342,360.3713305,384.6502418,404.0013675
INDOFLOODS-gauge-643-64,42.06133608,82.64852219,119.0614809,158.8775585,213.2046697,304.1883179,414.9213581,490.7558233,533.5951745,594.6700523
INDOFLOODS-gauge-643-65,17.97425016,52.6148687,109.4333049,161.1958105,190.1932562,196.2968691,203.9317862,219.34877000000003,224.7506466,237.9232209
INDOFLOODS-gauge-643-66,75.58615019999998,150.14439199999995,212.6910432,251.6369123,297.6590486,341.1462408000001,360.9612744,380.5752395,421.1809347,486.9478366
INDOFLOODS-gauge-643-67,87.18247225,170.23485630000005,223.7217427,244.7422239,261.9798025,287.6928278,328.4839859,410.0236617,482.9208493,551.7861482000002
INDOFLOODS-gauge-643-68,45.59141616,106.886511,167.2666993,229.64397230000003,284.56310069999995,301.3072791,324.7175216,358.5688012,377.7629873,387.4096575
INDOFLOODS-gauge-643-69,76.0797135,167.0863051,263.888042,311.5368896,346.2576722,403.8357086,454.9296068,486.7605043,492.2442288,498.7707352
INDOFLOODS-gauge-645-1,101.8553443,176.88036530000005,206.8435465,248.7573357,324.4110137,365.8948092,379.9562912,403.5329552,421.0925082,445.5924693
INDOFLOODS-gauge-645-2,87.48325833,154.67909550000005,209.1010618,318.645098,429.5112472,482.0235153,593.9714453,652.5073772999998,698.843677,709.2623436000001
INDOFLOODS-gauge-646-1,186.3700475,280.0464938,351.0389673,423.460586,460.12626730000005,473.2011505,505.7779848,523.1847695,553.7036400000002,599.7768269999998
INDOFLOODS-gauge-646-2,344.1290525,700.4297425,759.6818695000002,770.0149698,774.6073751,781.6854956,790.1856534,802.0558176,806.9432561000001,807.7318683999998
INDOFLOODS-gauge-646-3,180.9910675,234.620142,280.676761,437.0948285,781.223881,1137.5245710000004,1196.776698,1207.109798,1211.702204,1218.780324
INDOFLOODS-gauge-646-4,56.83976575,356.8059683,537.7970357999999,591.4261102999999,637.4827293,793.9007968,1138.029849,1494.330539,1553.582666,1563.915767
INDOFLOODS-gauge-646-5,0.0,0.0,0.0,0.0,0.0,0.0,0.0,0.0,0.0,0.0
INDOFLOODS-gauge-646-6,0.001960302,0.004059535,0.006158769,0.006158769,0.006158769,0.006158769,0.006158769,0.006158769,0.006158769,0.006158769
INDOFLOODS-gauge-646-7,172.5071,257.86307650000003,330.2479733,394.3817657,411.9866769,424.4116621,435.394274,501.956277,709.6852895,778.8368382
INDOFLOODS-gauge-646-8,40.691477,152.0378995,351.1341645,449.2133730000001,501.7340608,515.6408865000002,518.2041825,526.8086139,540.7235691000002,565.0630512
INDOFLOODS-gauge-646-9,149.9290275,235.79149500000003,466.76720250000005,654.4264,793.36618,1136.500495,1384.103593,1454.467379,1592.898621,1613.961524
INDOFLOODS-gauge-646-10,0.0,0.0,0.0,0.0,0.0,0.0,0.0,0.0,0.0,0.0
INDOFLOODS-gauge-648-1,259.30002,429.13744,542.64613,604.128914,773.001184,915.097744,1012.962574,1291.165694,1496.579794,1552.149784
INDOFLOODS-gauge-654-1,128.1568942,313.0573831000001,414.4043216,509.1806731,606.9291168,655.2622125,697.2186829,769.9773735,828.8369486,855.1929639
INDOFLOODS-gauge-654-2,47.54848682,107.4119835,135.71153940000002,159.2751784,178.04293280000005,182.851616,187.3112026,190.6960899,191.3139784,192.3031824
INDOFLOODS-gauge-654-3,93.26078788,160.1492721,195.7182792,233.1315765,269.2536519,303.4889294,360.2934125,500.1988608,535.5826503000002,579.3437257
INDOFLOODS-gauge-654-4,85.84772388,183.3436743,217.7750056,273.8948973,331.8601225,396.7827568,435.8580631,478.0256768,494.2376279,505.7135991
INDOFLOODS-gauge-654-5,55.36244024,116.0782639,158.10137969999997,177.6639639,205.4182837,271.47951560000007,340.8058231,356.7271792,378.3322876,404.6568958
INDOFLOODS-gauge-654-6,92.98128806,121.6217041,138.5664486,151.6504795,160.2630477,166.1027235,173.0194844,180.04130569999995,183.8471354,192.4174061
INDOFLOODS-gauge-654-7,65.32727606,148.536661,174.0389759,206.958703,246.6200842,282.122484,330.4899222,394.9849685,510.5065242,579.7651698
INDOFLOODS-gauge-654-8,141.4516136,181.334346,200.059373,220.9135977,244.6427797,277.61846319999995,313.0280822,332.0543354,346.1419754,348.649554
INDOFLOODS-gauge-654-9,110.4161115,167.9466561,254.3127257,338.7312656000001,460.97133550000007,627.1038014,768.555415,808.4381473999998,827.1631744,848.0173991
INDOFLOODS-gauge-654-10,140.3807866,219.0096535,244.7536375,267.1366075,299.1872695,373.0240929,464.6184207,511.5995931,542.5084787999998,564.0857999
INDOFLOODS-gauge-654-11,163.9243068,269.4693627,331.1038346,353.7484631,373.8780711,423.5640694,478.2533257,527.3263684,628.1893056,792.0402719
INDOFLOODS-gauge-654-12,70.94222524,117.3107466,127.39286640000002,141.08603080000003,190.3267824,268.6578295,332.4235752,388.7299729,401.0124528,412.3700055
INDOFLOODS-gauge-654-13,186.1139904,296.4677565,373.8670824,423.1405414,450.1159015,528.8586427,605.8685181,666.1800401,792.2808008999998,917.0742699
INDOFLOODS-gauge-656-1,24.07710146,68.51027758,95.05393671,110.7142856,118.43197820000002,122.9035135,146.6344443,168.6335561,177.43272980000003,193.5123969
INDOFLOODS-gauge-668-1,367.7128925,571.1260913,709.4981781,806.2759711,1071.018592,1267.021706,1400.355017,1773.508063,2057.003275,2123.625122
INDOFLOODS-gauge-678-1,73.12293566,200.1380798,309.2618345,382.2585737,414.756796,435.58582469999993,441.2259847,452.9508411000001,458.0455572,462.57183110000005
INDOFLOODS-gauge-678-2,41.92136918,108.6212382,149.4627055,158.7628667,164.3016137,170.3663461,177.2059739,182.6638577,191.98377230000003,203.8262982
INDOFLOODS-gauge-678-3,6.327272835,37.68052216,72.31822662,84.9018708,95.07446163,106.05264270000002,109.6613092,111.8612639,122.3800936,122.9526848
INDOFLOODS-gauge-678-4,44.88511842,87.51625211,122.0269769,136.46162880000003,146.3076126,157.99717019999997,164.4819142,169.0540142,174.157577,187.8050177
INDOFLOODS-gauge-678-5,35.29081744,65.80530279,104.5468874,147.40850659999995,171.28539990000004,187.700042,210.0244807,229.3390694,244.34903480000003,285.7311397
INDOFLOODS-gauge-678-6,64.83680652,143.713355,191.2716689,210.4803067,230.909518,248.0249068,257.2444522,267.099859,279.3800365,296.1263434
INDOFLOODS-gauge-678-7,18.42335806,45.34997964,98.17391572,141.8995367,163.4539136,190.5231579,209.6091272,225.2118818,237.8578591,253.6073125
INDOFLOODS-gauge-678-8,45.57274345,74.89468105,102.9303112,136.2782021,154.33416169999995,169.100285,187.3206555,225.2342039,291.63392410000006,326.1577735
INDOFLOODS-gauge-678-9,39.22161398,79.07440962,142.1708237,186.5119454,236.135425,259.8773587,274.09965839999995,314.236305,361.1029997,375.0431753
INDOFLOODS-gauge-678-10,17.25931654,52.7835547,115.8233421,159.48025800000005,190.5757852,230.8811933,276.6824896,323.1897766,338.4674938,341.6323078000001
INDOFLOODS-gauge-678-11,12.89561812,57.43711783,89.39326991,105.41038629999998,126.139315,143.34038769999995,160.0402777,189.600165,263.3779061,279.4409236
INDOFLOODS-gauge-678-12,47.51115352,140.00657809999998,327.5678274,369.3770681,391.0401328,402.5255496,418.0163034,436.3063999,492.8559842,504.6041363
INDOFLOODS-gauge-678-13,42.11854117,95.28634598,117.2494972,149.4204094,181.3184714,210.0664541,244.921351,270.3057467,282.0016808000001,289.5176558
INDOFLOODS-gauge-678-14,70.47526875,126.960092,150.07875380000004,169.318873,186.2006659,208.7041218,226.0950451,237.9134583,258.7466791,293.7840082
INDOFLOODS-gauge-678-15,91.03892763,149.7073007,213.4863925,233.6879934,261.0162614,271.2276619,278.247834,285.9168931000001,303.8049356,324.5147455
INDOFLOODS-gauge-678-16,11.06821456,28.39672873,57.06752871,92.27930892,115.0510017,124.5450822,139.1451436,178.6431279,215.8243898,222.2816298
INDOFLOODS-gauge-678-17,22.33750843,88.24012634,162.7649418,200.3955542,233.8995213,275.7373708,319.5277435,327.0003429,329.5580556000001,331.3695744
INDOFLOODS-gauge-678-18,49.95062245,98.98206047,115.7753304,123.1442522,128.2523321,132.0983313,135.4396758,138.75097649999998,142.3814218,144.64852130000003
INDOFLOODS-gauge-678-19,18.70600136,48.50738975,92.86624885,123.4871246,151.12734780000005,177.1685978,210.6830817,253.5175422,286.3229267,301.7704714
INDOFLOODS-gauge-678-20,15.03965982,26.48314749,62.81580158,95.94382438,106.6228268,121.5003717,136.27400649999998,151.1863302,176.3928187,209.8220215
INDOFLOODS-gauge-678-21,61.92988789,155.34377419999996,235.946077,260.4136883,271.40629900000005,284.0452026,295.3964794,314.91837410000005,333.9519188999999,348.0005023
INDOFLOODS-gauge-678-22,48.14797735,137.44585969999997,198.5853938,239.4340098,249.9286061,259.7509799,273.7798174,308.72239019999995,356.7197247,381.3045553
INDOFLOODS-gauge-678-23,90.02569645,116.9958455,147.10443490000003,174.6082144,186.3210966,196.9600748,213.5864165,251.5854646,330.7044108,362.484203
INDOFLOODS-gauge-678-24,15.04894846,36.88050261,66.89593789,93.29026755,110.9756865,130.4362164,167.73242130000003,207.8573361,226.6919395,236.25027290000003
INDOFLOODS-gauge-678-25,26.18327116,85.01667402,148.44244730000003,186.7789182,208.8600492,218.4355761,243.4473212,257.5470376,268.5669368,279.47356569999994
INDOFLOODS-gauge-678-26,28.42489238,63.97283674,95.87036172,105.85565990000002,114.7366423,139.6451764,182.8629243,217.6665928,244.1533478,250.0934174
INDOFLOODS-gauge-678-27,22.63920865,57.73971857,106.6611389,172.5769314,207.929153,246.4157603,294.7012976000001,332.4495361999999,355.2741841,382.6620277
INDOFLOODS-gauge-678-28,25.92029665,42.13639853,85.10614908,126.8350136,158.4604908,213.7363881,282.77666,301.6094246,315.0002291,325.3087765
INDOFLOODS-gauge-678-29,55.35068556,98.92194425,124.8422409,141.05834280000005,184.0280933,225.7569578,257.382435,312.65833239999995,381.6986043,400.5313689
INDOFLOODS-gauge-681-1,76.49738947,155.9612925,233.3977914,263.6106435,297.0078726000001,360.2336592,399.2213604,422.3291802,436.090753,439.7499397
INDOFLOODS-gauge-681-2,128.5573502,226.9058631,303.4032526000001,382.8671556000001,460.3036545,490.51650660000007,523.9137357,587.1395223,626.1272235,649.2350432999998
INDOFLOODS-gauge-681-3,93.41764635,139.4286721,202.47996730000003,257.0682485,289.8540856,321.1480863,345.7264102,386.39695530000006,418.1237731,484.1275453
INDOFLOODS-gauge-681-4,48.86420771,82.22005512,126.6995135,148.2794591,224.6700153,318.0876616000001,364.0986873,427.1499826,481.7382638,514.5241009
INDOFLOODS-gauge-681-5,89.56315194,257.5138728,382.7506542,486.7823466,537.6621006,567.3841852,575.8813842999998,590.1525697000002,594.8816137,602.5155995
INDOFLOODS-gauge-681-6,53.45775459,163.1105733,234.8226382,246.9241866,254.6061661,264.5069649,273.249337,281.8157608,293.7268085,311.0546009
INDOFLOODS-gauge-681-7,8.363400729,56.81813791,96.91181844,112.5406262,126.143866,139.457119,142.7694418,144.93946630000005,160.47757990000005,160.8934284
INDOFLOODS-gauge-681-8,58.97116876,123.5859015,167.25157130000005,186.3408224,199.9431813,220.5540019,231.3986183,236.8732976,244.105302,262.8037198
INDOFLOODS-gauge-681-9,49.59333804,95.66510755,150.3614674,207.4420213,238.8718105,264.1270335,297.2926485,328.2538964,351.5704828000001,411.1592694
INDOFLOODS-gauge-681-10,87.81704971,214.18992090000003,284.8077432,312.9453084,339.6159282,361.2283488,376.0851703,391.4002898,411.0889248,436.127966
INDOFLOODS-gauge-681-11,55.826022,155.071024,215.5966029,262.2290585,311.9663163,378.3189536,445.0383022,464.3660892,467.3329371,473.0985567
INDOFLOODS-gauge-681-12,20.707197,85.02313865,128.2304469,152.08272380000002,176.7530526,196.6468348,218.0174022,262.3792477,348.84981760000005,371.7532534
INDOFLOODS-gauge-681-13,71.66473694,194.1685282,458.4459529,522.3543843,554.5323802999999,572.0840521,594.2655101,616.2785287,677.4010288,690.1241309999998
INDOFLOODS-gauge-681-14,61.91023547,138.85859219999998,164.9238168,205.9294021,252.6631258,304.0828702,361.7604412,384.7178672,397.5639624,406.0758595
INDOFLOODS-gauge-681-15,97.90413865,180.56246940000003,212.9520475,244.2995224,270.5905522,302.5502805000001,328.0929277,345.9571127,375.8963035,421.8504621
INDOFLOODS-gauge-681-16,131.8103215,204.7765585,297.144836,325.1529957,363.3183903,380.3030396,391.4025066,405.083457,432.1501149,458.5703138
INDOFLOODS-gauge-681-17,16.54134109,40.96442599,79.39533841,128.096402,158.70448290000004,173.9940524,200.0666058,253.0802144,305.26171989999995,314.3464535
INDOFLOODS-gauge-681-18,20.34121634,52.06192671,148.7842089,262.9131463,316.6829549,364.8475869,422.6851778,478.37040189999993,486.8782149000001,489.2744159
INDOFLOODS-gauge-681-19,19.50168217,33.32245172,51.23001342,70.09145993,83.91558178,104.2567981,135.9775085,232.6997907,346.8287281000001,400.5985366000001
INDOFLOODS-gauge-681-20,77.75148235,148.8802632,171.44250119999995,182.028982,189.8435199,194.5892141,199.1373258,204.4254497,209.6940442,212.051119
INDOFLOODS-gauge-681-21,122.1226029,253.1861557,285.4275541,299.8884436,318.2951965,333.4693271000001,367.9999931,393.5564822,408.29467810000006,422.0472535
INDOFLOODS-gauge-681-22,132.7531733,218.5286446,279.6376928,294.6027074,309.1968662,332.8337305,386.2318901,457.0913995,493.5448125,518.0735062
INDOFLOODS-gauge-681-23,59.93931438,158.4947832,224.5037128,276.5823312,298.4292287,311.8604055,350.2858679,389.4297239,422.0102958000001,491.1333392
INDOFLOODS-gauge-681-24,39.42130924,81.52089971,122.667051,138.8422755,153.05066019999995,174.66943669999995,219.1834215,305.1325378,333.6234009,341.9480927
INDOFLOODS-gauge-681-25,38.30806319,86.31846819,136.0685688,150.0821806,164.02603280000002,198.0169343,251.1449251,299.8878016000001,338.4059923,343.9822139
INDOFLOODS-gauge-681-26,76.73947671,139.4984011,177.1338372,200.047016,253.3555187,307.1414604,351.76633639999994,427.97036,523.5683333000002,550.4256981000002
INDOFLOODS-gauge-682-1,154.1496272,198.9155285,199.3989148,199.3989148,199.3989148,199.3989148,199.4012775,199.4012775,199.4012775,199.4012775
INDOFLOODS-gauge-682-2,43.9762819,114.1182085,136.4213993,151.417952,170.0567115,187.0430425,197.0349816,210.3158264,225.7377138,235.00476290000003
INDOFLOODS-gauge-682-3,38.84156975,90.15910245,134.1353843,204.2773109,226.5805017,241.5770545,260.215814,277.20214489999995,287.1940841,300.4749289
INDOFLOODS-gauge-682-4,11.24127059,37.52359339,49.66182318,59.55606053,75.04066507,113.8822348,165.1997675,209.1760494,279.317976,301.6211668
INDOFLOODS-gauge-682-5,55.85278992,62.54182208,64.44838792,66.54298684,74.06219994,81.33177578,91.52406845,119.1649011,128.5746261,130.6275263
INDOFLOODS-gauge-682-6,22.31735521,29.98419836,33.53956469,36.13227618,37.35582728,38.93615949,41.04553614,46.4071818,54.35961559,76.18369443
INDOFLOODS-gauge-682-7,22.82745235,50.17449978,72.49185499,80.15869814,83.71406448,86.30677596,87.53032707,89.11065928,91.22003592,96.58168159
INDOFLOODS-gauge-682-8,31.09410467,61.44868338,94.3221766,103.3192326,104.4552355,133.99559209999998,165.9635173,169.58916259999995,176.8596166,185.6197536
INDOFLOODS-gauge-682-9,25.23925528,48.51417427,54.93901621,63.94348584,97.65377484,102.9161739,103.7085235,108.64957520000002,110.7142261,121.690178
INDOFLOODS-gauge-682-10,16.704669199999998,38.14340906,58.70515344,73.9504172,84.98665981,88.87318325,113.7703063,134.1972717,143.21519909999995,149.0527504
INDOFLOODS-gauge-682-11,20.57006695,42.88530284,52.50739554,53.90114284,54.98642232,55.35454356,55.93691093,56.94362247,58.03613631,59.0242269
INDOFLOODS-gauge-682-12,6.054822287,47.3741995,104.6831186,109.1608818,109.3816755,110.8799839,129.1581942,140.12680840000002,145.9642977,148.51360369999998
INDOFLOODS-gauge-682-13,25.30859686,32.28351889,35.72179595,37.81216783,39.40976313,40.83218949,41.97315197,42.95407585,43.99142402,45.69898882
INDOFLOODS-gauge-682-14,61.24994868,98.99150897,116.4153955,127.0534637,134.93157030000003,160.40235239999996,180.8041307,202.0626885,246.9278077,287.1714463
INDOFLOODS-gauge-684-1,60.24866817,76.85382289,86.12380614,92.21527643,96.47790452,99.5067431,102.6826874,106.06554409999998,108.0089832,112.3462569
INDOFLOODS-gauge-684-2,66.83479762,99.91122951,150.6635145,199.0843023,276.6873469,397.5475782,482.1323221,503.2234028,513.1036912999998,526.0489888999998
INDOFLOODS-gauge-684-3,106.1520361,198.0498734,244.3693219,257.3459534,269.1712899,286.9925566,330.9670392,387.2357503,413.2710083,429.0628608
INDOFLOODS-gauge-684-4,104.9380211,176.2631904,217.6857618,231.06323340000003,241.2101705,271.9443994,302.9516752,329.7646651,390.0689979,496.2210339
INDOFLOODS-gauge-684-5,119.7130541,188.4989087,237.9613503,267.24509930000005,282.4199343,337.7407563,386.6072675,425.6608942,505.9825466,588.8452681
