EventID,Start Date,End Date,Peak Flood Level (m),Peak FL Date,Num Peak FL,Peak Discharge Q (cumec),Peak Discharge Date,Flood Volume (cumec),Event Duration (days),Time to Peak (days),Recession Time (day),Flood Type
INDOFLOODS-gauge-585-1,2019-06-12,2019-08-27,89.14,2019-07-22,6,,,,77,41,37,Flood
INDOFLOODS-gauge-585-2,2019-09-20,2020-01-31,89.17,2019-10-04,1,,,,134,15,120,Flood
INDOFLOODS-gauge-589-1,1969-08-02,1969-08-03,540.39,1969-08-02,1,3850.0,1969-08-02,7650.0,2,1,2,Flood
INDOFLOODS-gauge-589-2,1969-08-06,1969-08-07,539.77,1969-08-07,1,3600.0,1969-08-07,7100.0,2,2,1,Flood
INDOFLOODS-gauge-589-3,1973-07-09,1973-07-10,539.87,1973-07-10,1,4950.0,1973-07-10,9880.0,2,2,1,Flood
INDOFLOODS-gauge-589-4,1975-07-11,1975-07-12,540.46,1975-07-12,1,5270.0,1975-07-12,9960.0,2,2,1,Flood
INDOFLOODS-gauge-589-5,1976-06-08,1976-06-08,541.07,1976-06-08,1,4890.0,1976-06-08,4890.0,1,1,1,Severe Flood
INDOFLOODS-gauge-589-6,1976-08-02,1976-08-06,540.79,1976-08-04,1,4750.0,1976-08-04,22414.0,5,3,3,Severe Flood
INDOFLOODS-gauge-589-7,1979-08-08,1979-08-10,539.77,1979-08-09,1,4903.7,1979-08-09,13513.4,3,2,2,Flood
INDOFLOODS-gauge-589-8,1980-07-04,1980-07-06,539.89,1980-07-05,1,3800.0,1980-07-05,11055.9,3,2,2,Flood
INDOFLOODS-gauge-589-9,1980-08-06,1980-08-07,539.47,1980-08-07,1,3620.0,1980-08-07,7140.0,2,2,1,Flood
INDOFLOODS-gauge-589-10,1988-08-04,1988-08-05,539.89,1988-08-04,1,4997.0,1988-08-04,9145.0,2,1,2,Flood
INDOFLOODS-gauge-589-11,1989-07-26,1989-07-28,540.04,1989-07-27,1,4954.0,1989-07-26,14337.0,3,2,2,Flood
INDOFLOODS-gauge-589-12,1990-08-18,1990-08-21,540.79,1990-08-20,1,6500.0,1990-08-20,23316.0,4,3,2,Severe Flood
INDOFLOODS-gauge-589-13,1991-07-29,1991-07-31,540.42,1991-07-30,1,5938.0,1991-07-30,15174.0,3,2,2,Flood
INDOFLOODS-gauge-589-14,1994-07-14,1994-07-19,541.17,1994-07-17,1,6300.0,1994-07-17,32920.0,6,4,3,Severe Flood
INDOFLOODS-gauge-589-15,1994-09-03,1994-09-05,539.96,1994-09-04,1,5040.0,1994-09-04,14110.0,3,2,2,Flood
INDOFLOODS-gauge-589-16,1997-08-02,1997-08-04,539.6,1997-08-03,1,4000.0,1997-08-03,11660.0,3,2,2,Flood
INDOFLOODS-gauge-589-17,1997-08-08,1997-08-10,539.86,1997-08-09,1,4120.0,1997-08-09,11870.0,3,2,2,Flood
INDOFLOODS-gauge-589-18,1997-08-25,1997-08-28,541.0,1997-08-27,1,4780.0,1997-08-27,18477.0,4,3,2,Severe Flood
INDOFLOODS-gauge-589-19,2004-08-14,2004-08-14,539.46,2004-08-14,1,4211.0,2004-08-14,4211.0,1,1,1,Flood
INDOFLOODS-gauge-589-20,2005-07-27,2005-08-09,543.68,2005-08-05,1,9381.0,2005-08-05,101235.0,14,10,5,Severe Flood
INDOFLOODS-gauge-589-21,2006-07-30,2006-08-05,541.74,2006-08-02,1,7057.27,2006-08-02,41598.07,7,4,4,Severe Flood
INDOFLOODS-gauge-589-22,2006-08-08,2006-08-16,542.13,2006-08-12,1,7505.17,2006-08-12,56612.11,9,5,5,Severe Flood
INDOFLOODS-gauge-589-23,2007-07-02,2007-07-03,539.88,2007-07-03,1,3943.23,2007-07-03,7736.21,2,2,1,Flood
INDOFLOODS-gauge-589-24,2011-09-05,2011-09-06,539.93,2011-09-06,1,4097.13,2011-09-06,8183.03,2,2,1,Flood
INDOFLOODS-gauge-589-25,2019-08-04,2019-08-20,544.33,2019-08-09,1,,,,17,6,12,Severe Flood
INDOFLOODS-gauge-596-1,2018-07-13,2018-07-13,9.73,2018-07-13,1,,,,1,1,1,Flood
INDOFLOODS-gauge-596-2,2019-08-03,2019-08-06,11.05,2019-08-04,1,,,,4,2,3,Severe Flood
INDOFLOODS-gauge-602-1,2019-08-06,2019-08-06,10.31,2019-08-06,1,,,,1,1,1,Flood
INDOFLOODS-gauge-612-1,1965-08-01,1965-08-03,420.04,1965-08-02,1,4240.0,1965-08-02,11780.0,3,2,2,Flood
INDOFLOODS-gauge-612-2,1967-07-29,1967-08-02,423.11,1967-08-01,1,8333.0,1967-07-31,33693.3,5,4,2,Severe Flood
INDOFLOODS-gauge-612-3,1967-08-05,1967-08-05,419.06,1967-08-05,1,3507.1,1967-08-05,3507.1,1,1,1,Flood
INDOFLOODS-gauge-612-4,1969-08-03,1969-08-05,421.12,1969-08-04,1,5511.0,1969-08-04,14314.0,3,2,2,Severe Flood
INDOFLOODS-gauge-612-5,1969-09-03,1969-09-04,419.66,1969-09-04,1,3733.6,1969-09-04,7403.7,2,2,1,Flood
INDOFLOODS-gauge-612-6,1971-09-02,1971-09-03,419.59,1971-09-02,1,4356.8,1971-09-02,8065.2,2,1,2,Flood
INDOFLOODS-gauge-612-7,1971-10-03,1971-10-03,419.09,1971-10-03,1,4122.4,1971-10-03,4122.4,1,1,1,Flood
INDOFLOODS-gauge-612-8,1976-08-03,1976-08-10,422.09,1976-08-05,1,8295.7,1976-08-05,53040.5,8,3,6,Severe Flood
INDOFLOODS-gauge-612-9,1979-08-13,1979-08-13,419.16,1979-08-13,1,3841.3,1979-08-13,3841.3,1,1,1,Flood
INDOFLOODS-gauge-612-10,1979-09-26,1979-09-28,422.84,1979-09-27,1,8700.0,1979-09-27,19619.0,3,2,2,Severe Flood
INDOFLOODS-gauge-612-11,1980-08-06,1980-08-06,419.03,1980-08-06,1,3284.7,1980-08-06,3284.7,1,1,1,Flood
INDOFLOODS-gauge-612-12,1981-07-12,1981-07-13,420.48,1981-07-12,1,4960.0,1981-07-12,8538.5,2,1,2,Flood
INDOFLOODS-gauge-612-13,1981-09-22,1981-09-23,420.71,1981-09-23,1,4690.5,1981-09-23,8888.3,2,2,1,Severe Flood
INDOFLOODS-gauge-612-14,1983-08-17,1983-08-21,421.94,1983-08-19,1,6691.1,1983-08-19,26575.5,5,3,3,Severe Flood
INDOFLOODS-gauge-612-15,1983-09-23,1983-09-23,419.08,1983-09-23,1,3263.6,1983-09-23,3263.6,1,1,1,Flood
INDOFLOODS-gauge-612-16,1988-09-19,1988-09-20,420.36,1988-09-19,1,4005.0,1988-09-19,7992.0,2,1,2,Flood
INDOFLOODS-gauge-612-17,1988-09-29,1988-09-30,419.7,1988-09-29,1,3657.0,1988-09-29,6967.0,2,1,2,Flood
INDOFLOODS-gauge-612-18,1989-09-29,1989-09-30,420.32,1989-09-29,1,4887.0,1989-09-29,9087.0,2,1,2,Flood
INDOFLOODS-gauge-612-19,1990-08-19,1990-08-21,419.59,1990-08-19,1,3934.0,1990-08-19,11435.0,3,1,3,Flood
INDOFLOODS-gauge-612-20,1991-07-30,1991-07-31,419.72,1991-07-30,1,4261.0,1991-07-30,8046.0,2,1,2,Flood
INDOFLOODS-gauge-612-21,1994-07-15,1994-07-19,422.45,1994-07-18,1,7698.0,1994-07-18,28554.0,5,4,2,Severe Flood
INDOFLOODS-gauge-612-22,1994-07-23,1994-07-27,421.47,1994-07-26,1,5668.0,1994-07-26,24742.0,5,4,2,Severe Flood
INDOFLOODS-gauge-612-23,1994-09-04,1994-09-05,420.28,1994-09-05,1,5059.0,1994-09-05,9397.0,2,2,1,Flood
INDOFLOODS-gauge-612-24,1996-10-05,1996-10-06,420.39,1996-10-06,1,5211.0,1996-10-06,9558.0,2,2,1,Flood
INDOFLOODS-gauge-612-25,1997-08-25,1997-08-29,423.29,1997-08-28,1,8120.0,1997-08-28,29280.0,5,4,2,Severe Flood
INDOFLOODS-gauge-612-26,1998-10-04,1998-10-06,419.27,1998-10-06,1,3480.0,1998-10-06,10274.0,3,3,1,Flood
INDOFLOODS-gauge-612-27,1998-10-13,1998-10-17,420.76,1998-10-17,1,5458.0,1998-10-14,22008.0,5,5,1,Severe Flood
INDOFLOODS-gauge-612-28,2005-07-30,2005-07-31,420.27,2005-07-31,1,7102.95,2005-07-30,11106.59,2,2,1,Flood
INDOFLOODS-gauge-612-29,2005-08-02,2005-08-08,423.09,2005-08-06,1,6944.26,2005-08-05,36312.55,7,5,3,Severe Flood
INDOFLOODS-gauge-612-30,2006-08-01,2006-08-04,421.01,2006-08-04,1,5195.88,2006-08-04,19994.85,4,4,1,Severe Flood
INDOFLOODS-gauge-612-31,2006-08-08,2006-08-15,423.65,2006-08-12,1,7671.66,2006-08-12,48235.39,8,5,4,Severe Flood
INDOFLOODS-gauge-612-32,2006-08-19,2006-08-20,419.72,2006-08-19,1,4073.2,2006-08-19,8021.66,2,1,2,Flood
INDOFLOODS-gauge-612-33,2009-10-04,2009-10-04,419.69,2009-10-04,1,3669.0,2009-10-04,3669.0,1,1,1,Flood
INDOFLOODS-gauge-612-34,2011-09-06,2011-09-06,419.27,2011-09-06,1,4219.0,2011-09-06,4219.0,1,1,1,Flood
INDOFLOODS-gauge-612-35,2019-08-07,2019-08-10,421.48,2019-08-09,1,,,,4,3,2,Severe Flood
INDOFLOODS-gauge-626-1,2019-07-07,2019-07-07,568.36,2019-07-07,1,,,,1,1,1,Severe Flood
INDOFLOODS-gauge-635-1,2017-07-24,2017-07-24,491.15,2017-07-24,1,1695.45,2017-07-24,1695.45,1,1,1,Flood
INDOFLOODS-gauge-635-2,2017-07-29,2017-07-30,491.1,2017-07-29,2,1471.91,2017-07-29,2943.82,2,1,2,Flood
INDOFLOODS-gauge-635-3,2017-10-12,2017-10-12,491.0,2017-10-12,1,1051.14,2017-10-12,1051.14,1,1,1,Flood
INDOFLOODS-gauge-635-4,2019-08-03,2019-08-06,495.85,2019-08-05,1,,,,4,3,2,Severe Flood
INDOFLOODS-gauge-635-5,2019-12-20,2019-12-26,492.57,2019-12-20,4,,,,7,1,7,Flood
INDOFLOODS-gauge-635-6,2020-01-17,2020-01-17,491.82,2020-01-17,1,,,,1,1,1,Flood
INDOFLOODS-gauge-635-7,2020-01-19,2020-01-20,491.9,2020-01-20,1,,,,2,2,1,Flood
INDOFLOODS-gauge-635-8,2020-01-24,2020-01-31,491.18,2020-01-24,8,,,,8,1,8,Flood
INDOFLOODS-gauge-635-9,2020-02-19,2020-02-19,490.98,2020-02-19,1,,,,1,1,1,Flood
INDOFLOODS-gauge-640-1,1969-08-01,1969-08-02,506.32,1969-08-02,1,6190.4,1969-08-02,11398.3,2,2,1,Severe Flood
INDOFLOODS-gauge-640-2,1971-08-30,1971-08-30,504.08,1971-08-30,1,4210.0,1971-08-30,4210.0,1,1,1,Flood
INDOFLOODS-gauge-640-3,1971-10-01,1971-10-01,505.0,1971-10-01,1,4827.4,1971-10-01,4827.4,1,1,1,Severe Flood
INDOFLOODS-gauge-640-4,1972-07-09,1972-07-09,504.25,1972-07-09,1,4333.6,1972-07-09,4333.6,1,1,1,Flood
INDOFLOODS-gauge-640-5,1973-07-09,1973-07-09,504.3,1973-07-09,1,4602.9,1973-07-09,4602.9,1,1,1,Flood
INDOFLOODS-gauge-640-6,1976-07-31,1976-08-06,508.33,1976-08-02,1,9240.0,1976-08-02,37459.2,7,3,5,Severe Flood
INDOFLOODS-gauge-640-7,1980-07-04,1980-07-04,504.59,1980-07-04,1,3705.0,1980-07-04,3705.0,1,1,1,Flood
INDOFLOODS-gauge-640-8,1980-08-04,1980-08-04,504.45,1980-08-04,1,3667.2,1980-08-04,3667.2,1,1,1,Flood
INDOFLOODS-gauge-640-9,1981-07-10,1981-07-11,505.46,1981-07-10,1,4763.5,1981-07-10,7962.9,2,1,2,Severe Flood
INDOFLOODS-gauge-640-10,1983-08-09,1983-08-09,504.01,1983-08-09,1,3654.5,1983-08-09,3654.5,1,1,1,Flood
INDOFLOODS-gauge-640-11,1983-08-16,1983-08-17,508.25,1983-08-17,1,6925.0,1983-08-17,12915.0,2,2,1,Severe Flood
INDOFLOODS-gauge-640-12,1988-08-03,1988-08-03,504.27,1988-08-03,1,3455.0,1988-08-03,3455.0,1,1,1,Flood
INDOFLOODS-gauge-640-13,1989-07-25,1989-07-25,505.16,1989-07-25,1,5406.0,1989-07-25,5406.0,1,1,1,Severe Flood
INDOFLOODS-gauge-640-14,1990-07-25,1990-07-25,505.4,1990-07-25,1,4785.0,1990-07-25,4785.0,1,1,1,Severe Flood
INDOFLOODS-gauge-640-15,1990-08-16,1990-08-17,504.95,1990-08-17,1,4059.0,1990-08-17,7512.0,2,2,1,Flood
INDOFLOODS-gauge-640-16,1991-07-28,1991-07-29,504.34,1991-07-28,1,4280.0,1991-07-28,8343.0,2,1,2,Flood
INDOFLOODS-gauge-640-17,1994-07-14,1994-07-16,508.1,1994-07-15,1,8210.0,1994-07-15,18417.0,3,2,2,Severe Flood
INDOFLOODS-gauge-640-18,1997-08-01,1997-08-01,504.23,1997-08-01,1,4203.0,1997-08-01,4203.0,1,1,1,Flood
INDOFLOODS-gauge-640-19,1997-08-24,1997-08-26,508.8,1997-08-24,1,8200.0,1997-08-24,20620.0,3,1,3,Severe Flood
INDOFLOODS-gauge-640-20,2005-07-27,2005-07-28,507.02,2005-07-28,1,6000.0,2005-07-28,11000.0,2,2,1,Severe Flood
INDOFLOODS-gauge-640-21,2005-08-02,2005-08-04,507.43,2005-08-03,1,6750.0,2005-08-03,16700.0,3,2,2,Severe Flood
INDOFLOODS-gauge-640-22,2006-07-30,2006-07-31,505.2,2006-07-30,1,4616.35,2006-07-30,9116.3,2,1,2,Severe Flood
INDOFLOODS-gauge-640-23,2006-08-07,2006-08-10,507.26,2006-08-08,1,6804.65,2006-08-08,23206.37,4,2,3,Severe Flood
INDOFLOODS-gauge-640-24,2006-08-12,2006-08-12,504.06,2006-08-12,1,3559.78,2006-08-12,3559.78,1,1,1,Flood
INDOFLOODS-gauge-640-25,2006-08-18,2006-08-18,504.92,2006-08-18,1,4346.65,2006-08-18,4346.65,1,1,1,Flood
INDOFLOODS-gauge-640-26,2019-08-05,2019-08-06,505.77,2019-08-05,1,,,,2,1,2,Severe Flood
INDOFLOODS-gauge-642-1,1967-07-29,1967-08-01,461.5,1967-07-30,1,6620.0,1967-07-30,23980.0,4,2,3,Severe Flood
INDOFLOODS-gauge-642-2,1969-08-02,1969-08-03,459.91,1969-08-02,1,5988.4,1969-08-02,11599.7,2,1,2,Severe Flood
INDOFLOODS-gauge-642-3,1976-08-02,1976-08-07,460.22,1976-08-03,1,6676.7,1976-08-03,34321.1,6,2,5,Severe Flood
INDOFLOODS-gauge-642-4,1981-07-10,1981-07-11,459.69,1981-07-11,1,6990.3,1981-07-11,12902.4,2,2,1,Severe Flood
INDOFLOODS-gauge-642-5,1983-08-17,1983-08-19,460.18,1983-08-17,1,7601.8,1983-08-17,20639.6,3,1,3,Severe Flood
INDOFLOODS-gauge-642-6,1994-07-15,1994-07-17,461.43,1994-07-16,1,7290.0,1994-07-16,19540.0,3,2,2,Severe Flood
INDOFLOODS-gauge-642-7,1994-07-23,1994-07-25,459.2,1994-07-23,1,5540.0,1994-07-23,16033.0,3,1,3,Severe Flood
INDOFLOODS-gauge-642-8,1997-08-25,1997-08-27,462.04,1997-08-26,1,7450.0,1997-08-26,20540.0,3,2,2,Severe Flood
INDOFLOODS-gauge-642-9,2005-07-29,2005-07-29,459.03,2005-07-29,1,5053.01,2005-07-29,5053.01,1,1,1,Flood
INDOFLOODS-gauge-642-10,2005-08-02,2005-08-05,461.79,2005-08-04,1,7109.06,2005-08-04,25972.43,4,3,2,Severe Flood
INDOFLOODS-gauge-642-11,2006-07-31,2006-08-02,458.99,2006-08-02,1,5614.15,2006-08-02,16195.91,3,3,1,Flood
INDOFLOODS-gauge-642-12,2006-08-08,2006-08-12,462.38,2006-08-10,1,8862.99,2006-08-10,37353.02,5,3,3,Severe Flood
INDOFLOODS-gauge-642-13,2019-06-25,2019-06-30,549.91,2019-06-25,6,,,,6,1,6,Severe Flood
INDOFLOODS-gauge-642-14,2019-08-06,2019-08-08,460.29,2019-08-06,1,,,,3,1,3,Severe Flood
INDOFLOODS-gauge-643-1,1980-07-02,1980-07-11,537.34,1980-07-06,1,1840.0,1980-07-06,15025.0,10,5,6,Severe Flood
INDOFLOODS-gauge-643-2,1980-08-04,1980-08-12,536.92,1980-08-07,1,1917.6,1980-08-07,13176.9,9,4,6,Severe Flood
INDOFLOODS-gauge-643-3,1981-07-08,1981-07-13,536.5,1981-07-11,1,1790.0,1981-07-11,9346.6,6,4,3,Severe Flood
INDOFLOODS-gauge-643-4,1981-08-06,1981-08-09,534.35,1981-08-08,1,1174.8,1981-08-08,4391.4,4,3,2,Flood
INDOFLOODS-gauge-643-5,1982-07-24,1982-07-24,534.11,1982-07-24,1,1106.0,1982-07-24,1106.0,1,1,1,Flood
INDOFLOODS-gauge-643-6,1982-07-30,1982-08-02,535.13,1982-08-01,1,1430.6,1982-08-01,5296.0,4,3,2,Flood
INDOFLOODS-gauge-643-7,1982-08-15,1982-08-20,534.86,1982-08-17,1,1225.1,1982-08-17,7132.1,6,3,4,Flood
INDOFLOODS-gauge-643-8,1983-06-29,1983-07-02,536.65,1983-07-01,1,1505.0,1983-07-01,5563.1,4,3,2,Severe Flood
INDOFLOODS-gauge-643-9,1983-07-23,1983-07-26,534.73,1983-07-24,1,1378.3,1983-07-25,5368.1,4,2,3,Flood
INDOFLOODS-gauge-643-10,1983-08-10,1983-08-20,536.88,1983-08-18,1,1545.0,1983-08-18,14189.5,11,9,3,Severe Flood
INDOFLOODS-gauge-643-11,1984-07-03,1984-07-06,534.66,1984-07-04,1,1413.2,1984-07-04,5076.5,4,2,3,Flood
INDOFLOODS-gauge-643-12,1984-07-19,1984-07-22,536.0,1984-07-21,1,1795.0,1984-07-21,6450.0,4,3,2,Severe Flood
INDOFLOODS-gauge-643-13,1985-08-02,1985-08-06,535.91,1985-08-04,1,1570.0,1985-08-04,7203.0,5,3,3,Flood
INDOFLOODS-gauge-643-14,1986-08-09,1986-08-16,536.45,1986-08-13,1,2050.0,1986-08-13,14445.9,8,5,4,Severe Flood
INDOFLOODS-gauge-643-15,1987-07-09,1987-07-11,534.73,1987-07-10,1,1392.0,1987-07-10,3948.0,3,2,2,Flood
INDOFLOODS-gauge-643-16,1988-07-17,1988-07-25,537.37,1988-07-22,1,2080.0,1988-07-22,15097.0,9,6,4,Severe Flood
INDOFLOODS-gauge-643-17,1988-07-28,1988-08-08,537.3,1988-08-05,1,2055.0,1988-08-05,17303.4,12,9,4,Severe Flood
INDOFLOODS-gauge-643-18,1988-09-24,1988-09-25,534.25,1988-09-25,1,1216.0,1988-09-25,2404.0,2,2,1,Flood
INDOFLOODS-gauge-643-19,1989-07-24,1989-07-31,538.54,1989-07-27,1,2205.0,1989-07-27,13730.0,8,4,5,Severe Flood
INDOFLOODS-gauge-643-20,1990-07-18,1990-07-20,534.55,1990-07-19,1,1222.0,1990-07-19,3436.0,3,2,2,Flood
INDOFLOODS-gauge-643-21,1990-07-23,1990-07-23,534.21,1990-07-23,1,995.2,1990-07-23,995.2,1,1,1,Flood
INDOFLOODS-gauge-643-22,1990-07-25,1990-07-27,535.39,1990-07-26,1,1508.0,1990-07-26,4262.0,3,2,2,Flood
INDOFLOODS-gauge-643-23,1990-08-16,1990-08-27,537.76,1990-08-20,1,2250.0,1990-08-20,19463.0,12,5,8,Severe Flood
INDOFLOODS-gauge-643-24,1991-06-10,1991-06-11,535.01,1991-06-10,1,1398.0,1991-06-10,2637.0,2,1,2,Flood
INDOFLOODS-gauge-643-25,1991-07-17,1991-07-22,535.82,1991-07-20,1,1676.0,1991-07-20,8779.0,6,4,3,Flood
INDOFLOODS-gauge-643-26,1991-07-27,1991-08-04,538.23,1991-07-31,1,2553.0,1991-07-31,18252.0,9,5,5,Severe Flood
INDOFLOODS-gauge-643-27,1991-08-15,1991-08-20,535.46,1991-08-17,1,1544.0,1991-08-17,8286.0,6,3,4,Flood
INDOFLOODS-gauge-643-28,1991-08-26,1991-08-26,534.11,1991-08-26,1,1116.0,1991-08-26,1116.0,1,1,1,Flood
INDOFLOODS-gauge-643-29,1992-07-22,1992-07-24,534.26,1992-07-22,1,943.5,1992-07-22,2756.0,3,1,3,Flood
INDOFLOODS-gauge-643-30,1992-08-14,1992-08-23,535.14,1992-08-16,1,1306.0,1992-08-16,11253.2,10,3,8,Flood
INDOFLOODS-gauge-643-31,1993-07-12,1993-07-18,535.75,1993-07-14,1,1447.0,1993-07-14,8553.8,7,3,5,Flood
INDOFLOODS-gauge-643-32,1993-08-03,1993-08-07,535.72,1993-08-05,1,1435.0,1993-08-05,6197.2,5,3,3,Flood
INDOFLOODS-gauge-643-33,1993-08-14,1993-08-15,534.23,1993-08-14,1,954.3,1993-08-14,1907.6,2,1,2,Flood
INDOFLOODS-gauge-643-34,1994-07-01,1994-07-04,535.04,1994-07-02,1,1185.0,1994-07-02,4160.0,4,2,3,Flood
INDOFLOODS-gauge-643-35,1994-07-13,1994-07-29,538.65,1994-07-18,1,2680.0,1994-07-17,34030.0,17,6,12,Severe Flood
INDOFLOODS-gauge-643-36,1994-08-28,1994-09-10,537.38,1994-09-05,1,2185.0,1994-09-05,21290.0,14,9,6,Severe Flood
INDOFLOODS-gauge-643-37,1995-07-21,1995-07-24,534.74,1995-07-22,1,1170.0,1995-07-22,4370.0,4,2,3,Flood
INDOFLOODS-gauge-643-38,1995-09-04,1995-09-05,534.33,1995-09-05,1,990.0,1995-09-05,1890.0,2,2,1,Flood
INDOFLOODS-gauge-643-39,1996-07-25,1996-08-01,536.18,1996-07-30,1,1900.0,1996-07-30,10245.0,8,6,3,Severe Flood
INDOFLOODS-gauge-643-40,1996-10-04,1996-10-07,536.01,1996-10-06,1,1800.0,1996-10-06,5190.0,4,3,2,Severe Flood
INDOFLOODS-gauge-643-41,1997-07-09,1997-07-13,535.35,1997-07-11,1,1100.0,1997-07-11,4470.0,5,3,3,Flood
INDOFLOODS-gauge-643-42,1997-07-30,1997-08-12,538.39,1997-08-10,1,3590.0,1997-08-10,31485.0,14,12,3,Severe Flood
INDOFLOODS-gauge-643-43,1997-08-24,1997-08-30,538.36,1997-08-28,1,3550.0,1997-08-28,14751.0,7,5,3,Severe Flood
INDOFLOODS-gauge-643-44,1998-07-10,1998-07-11,534.68,1998-07-10,1,1051.0,1998-07-11,1965.9,2,1,2,Flood
INDOFLOODS-gauge-643-45,1999-06-26,1999-06-26,534.4,1999-06-26,1,800.0,1999-06-26,800.0,1,1,1,Flood
INDOFLOODS-gauge-643-46,1999-07-18,1999-07-31,536.7,1999-07-24,1,1540.0,1999-07-24,17795.0,14,7,8,Severe Flood
INDOFLOODS-gauge-643-47,1999-08-09,1999-08-11,534.28,1999-08-10,1,780.0,1999-08-10,2285.0,3,2,2,Flood
INDOFLOODS-gauge-643-48,2000-07-13,2000-07-17,534.78,2000-07-16,1,890.0,2000-07-16,4210.0,5,4,2,Flood
INDOFLOODS-gauge-643-49,2001-07-11,2001-07-12,534.36,2001-07-11,1,1150.0,2001-07-11,2281.0,2,1,2,Flood
INDOFLOODS-gauge-643-50,2002-08-12,2002-08-16,534.85,2002-08-14,2,1443.0,2002-08-14,6558.0,5,3,3,Flood
INDOFLOODS-gauge-643-51,2004-06-18,2004-06-19,534.21,2004-06-19,1,866.1,2004-06-19,1692.1,2,2,1,Flood
INDOFLOODS-gauge-643-52,2004-08-04,2004-08-18,536.5,2004-08-08,1,1832.0,2004-08-08,21224.5,15,5,11,Severe Flood
INDOFLOODS-gauge-643-53,2005-07-01,2005-07-06,535.11,2005-07-03,1,1422.0,2005-07-03,7819.0,6,3,4,Flood
INDOFLOODS-gauge-643-54,2005-07-27,2005-08-13,540.39,2005-08-06,1,3340.0,2005-08-06,47325.0,18,11,8,Severe Flood
INDOFLOODS-gauge-643-55,2005-08-19,2005-08-20,534.81,2005-08-19,1,1350.0,2005-08-19,2650.0,2,1,2,Flood
INDOFLOODS-gauge-643-56,2005-09-15,2005-09-15,534.02,2005-09-15,1,950.0,2005-09-15,950.0,1,1,1,Flood
INDOFLOODS-gauge-643-57,2005-09-23,2005-09-25,535.52,2005-09-25,1,1375.0,2005-09-25,3725.0,3,3,1,Flood
INDOFLOODS-gauge-643-58,2006-07-04,2006-07-10,536.03,2006-07-08,1,1589.13,2006-07-08,9983.12,7,5,3,Severe Flood
INDOFLOODS-gauge-643-59,2006-07-24,2006-07-27,535.12,2006-07-26,1,1314.03,2006-07-26,4665.72,4,3,2,Flood
INDOFLOODS-gauge-643-60,2006-07-29,2006-08-21,539.22,2006-08-13,1,2796.56,2006-08-13,51770.44,24,16,9,Severe Flood
INDOFLOODS-gauge-643-61,2007-06-30,2007-07-13,537.47,2007-07-03,1,1820.56,2007-07-03,19926.25,14,4,11,Severe Flood
INDOFLOODS-gauge-643-62,2007-08-07,2007-08-14,536.63,2007-08-11,1,1605.7,2007-08-11,10895.89,8,5,4,Severe Flood
INDOFLOODS-gauge-643-63,2008-08-11,2008-08-18,537.39,2008-08-15,1,1951.57,2008-08-15,13426.14,8,5,4,Severe Flood
INDOFLOODS-gauge-643-64,2010-08-01,2010-08-08,535.2,2010-08-01,8,1307.99,2010-08-01,10463.92,8,1,8,Flood
INDOFLOODS-gauge-643-65,2011-09-01,2011-09-08,535.13,2011-09-01,8,1241.68,2011-09-01,9933.44,8,1,8,Flood
INDOFLOODS-gauge-643-66,2013-07-22,2013-08-07,536.92,2013-07-29,1,1854.07,2013-07-29,26318.27,17,8,10,Severe Flood
INDOFLOODS-gauge-643-67,2016-07-12,2016-07-17,536.95,2016-07-15,1,2200.0,2016-07-14,8290.0,6,4,3,Severe Flood
INDOFLOODS-gauge-643-68,2016-08-05,2016-08-12,536.79,2016-08-09,1,2200.0,2016-08-09,14630.9,8,5,4,Severe Flood
INDOFLOODS-gauge-643-69,2017-07-21,2017-07-25,534.85,2017-07-23,1,1557.0,2017-07-23,7424.0,5,3,3,Flood
INDOFLOODS-gauge-645-1,2018-07-16,2018-07-16,558.21,2018-07-16,1,,,,1,1,1,Flood
INDOFLOODS-gauge-645-2,2019-08-03,2019-08-04,562.31,2019-08-04,1,,,,2,2,1,Severe Flood
INDOFLOODS-gauge-646-1,2016-08-01,2016-08-01,8.26,2016-08-01,1,525.0,2016-08-01,525.0,1,1,1,Flood
INDOFLOODS-gauge-646-2,2016-09-18,2016-09-18,8.25,2016-09-18,1,520.0,2016-09-18,520.0,1,1,1,Flood
INDOFLOODS-gauge-646-3,2016-09-22,2016-09-22,11.5,2016-09-22,1,1350.0,2016-09-22,1350.0,1,1,1,Severe Flood
INDOFLOODS-gauge-646-4,2016-09-24,2016-09-24,8.53,2016-09-24,1,568.4,2016-09-24,568.4,1,1,1,Flood
INDOFLOODS-gauge-646-5,2017-01-01,2017-01-08,8.15,2017-01-01,8,0.0,2017-01-01,,8,1,8,Flood
INDOFLOODS-gauge-646-6,2017-02-01,2017-02-08,8.15,2017-02-01,8,0.0,2017-02-01,,8,1,8,Flood
INDOFLOODS-gauge-646-7,2017-08-29,2017-08-29,8.85,2017-08-29,1,0.0,2017-08-29,,1,1,1,Flood
INDOFLOODS-gauge-646-8,2018-07-07,2018-07-10,9.42,2018-07-07,1,1050.0,2018-07-08,2613.47,4,1,4,Severe Flood
INDOFLOODS-gauge-646-9,2019-08-02,2019-08-05,8.95,2019-08-02,1,,,,4,1,4,Flood
INDOFLOODS-gauge-646-10,2020-05-20,2020-05-20,8.02,2020-05-20,1,,,,1,1,1,Flood
INDOFLOODS-gauge-648-1,2019-08-04,2019-08-04,12.65,2019-08-04,1,,,,1,1,1,Flood
INDOFLOODS-gauge-654-1,1967-07-28,1967-07-28,563.62,1967-07-28,1,3830.4,1967-07-28,3830.4,1,1,1,Flood
INDOFLOODS-gauge-654-2,1976-06-07,1976-06-07,563.48,1976-06-07,1,2780.3,1976-06-07,2780.3,1,1,1,Flood
INDOFLOODS-gauge-654-3,1988-08-03,1988-08-03,563.24,1988-08-03,1,2590.0,1988-08-03,2590.0,1,1,1,Flood
INDOFLOODS-gauge-654-4,1990-08-18,1990-08-18,563.23,1990-08-18,1,2530.0,1990-08-18,2530.0,1,1,1,Flood
INDOFLOODS-gauge-654-5,1994-09-02,1994-09-03,563.08,1994-09-03,1,2675.0,1994-09-03,5149.0,2,2,1,Flood
INDOFLOODS-gauge-654-6,1997-08-24,1997-08-26,564.7,1997-08-24,1,3529.0,1997-08-24,9339.0,3,1,3,Flood
INDOFLOODS-gauge-654-7,2004-08-13,2004-08-13,563.08,2004-08-13,1,2715.62,2004-08-13,2715.62,1,1,1,Flood
INDOFLOODS-gauge-654-8,2005-07-26,2005-07-26,563.17,2005-07-26,1,2775.0,2005-07-26,2775.0,1,1,1,Flood
INDOFLOODS-gauge-654-9,2005-08-01,2005-08-04,565.74,2005-08-03,1,4641.0,2005-08-02,15311.25,4,3,2,Severe Flood
INDOFLOODS-gauge-654-10,2006-07-29,2006-07-31,566.94,2006-07-30,1,4972.54,2006-07-30,11402.26,3,2,2,Severe Flood
INDOFLOODS-gauge-654-11,2006-08-08,2006-08-11,564.54,2006-08-08,1,3494.28,2006-08-08,12025.71,4,1,4,Flood
INDOFLOODS-gauge-654-12,2011-09-04,2011-09-04,564.34,2011-09-04,1,3124.73,2011-09-04,3124.73,1,1,1,Flood
INDOFLOODS-gauge-654-13,2019-08-05,2019-08-08,567.09,2019-08-06,1,,,,4,2,3,Severe Flood
INDOFLOODS-gauge-656-1,2019-08-06,2019-08-11,543.48,2019-08-08,1,,,,6,3,4,Severe Flood
INDOFLOODS-gauge-668-1,2019-08-04,2019-08-04,17.62,2019-08-04,1,,,,1,1,1,Severe Flood
INDOFLOODS-gauge-678-1,1973-07-09,1973-07-13,537.12,1973-07-10,1,5659.1,1973-07-10,25236.7,5,2,4,Flood
INDOFLOODS-gauge-678-2,1975-07-11,1975-07-14,536.93,1975-07-12,1,5781.2,1975-07-12,20556.0,4,2,3,Flood
INDOFLOODS-gauge-678-3,1976-06-08,1976-06-08,535.77,1976-06-08,1,5845.8,1976-06-08,5845.8,1,1,1,Flood
INDOFLOODS-gauge-678-4,1976-08-02,1976-08-08,537.09,1976-08-04,2,6853.5,1976-08-04,44118.1,7,3,5,Flood
INDOFLOODS-gauge-678-5,1979-08-08,1979-08-15,536.74,1979-08-10,1,6070.2,1979-08-10,43287.6,8,3,6,Flood
INDOFLOODS-gauge-678-6,1980-07-04,1980-07-08,536.63,1980-07-06,1,5174.5,1980-07-08,24614.5,5,3,3,Flood
INDOFLOODS-gauge-678-7,1980-08-06,1980-08-09,536.3,1980-08-07,1,4880.0,1980-08-07,18840.0,4,2,3,Flood
INDOFLOODS-gauge-678-8,1981-07-11,1981-07-11,535.72,1981-07-11,1,5160.0,1981-07-11,5160.0,1,1,1,Flood
INDOFLOODS-gauge-678-9,1983-08-17,1983-08-19,536.2,1983-08-18,1,5111.4,1983-08-18,14151.9,3,2,2,Flood
INDOFLOODS-gauge-678-10,1988-07-21,1988-07-22,536.0,1988-07-21,1,4630.0,1988-07-21,9200.0,2,1,2,Flood
INDOFLOODS-gauge-678-11,1988-08-04,1988-08-06,536.41,1988-08-05,1,4870.0,1988-08-05,13980.0,3,2,2,Flood
INDOFLOODS-gauge-678-12,1989-07-26,1989-07-29,537.5,1989-07-27,1,6000.0,1989-07-27,21723.0,4,2,3,Severe Flood
INDOFLOODS-gauge-678-13,1990-08-18,1990-08-22,537.27,1990-08-21,1,5760.0,1990-08-20,26910.0,5,4,2,Severe Flood
INDOFLOODS-gauge-678-14,1991-07-28,1991-08-02,537.36,1991-07-30,2,6322.0,1991-07-31,34525.0,6,3,4,Severe Flood
INDOFLOODS-gauge-678-15,1994-07-14,1994-07-26,538.07,1994-07-18,1,5730.0,1994-07-18,64840.0,13,5,9,Severe Flood
INDOFLOODS-gauge-678-16,1994-09-04,1994-09-07,536.59,1994-09-05,1,4860.0,1994-09-05,18580.0,4,2,3,Flood
INDOFLOODS-gauge-678-17,1997-08-02,1997-08-11,537.04,1997-08-10,1,6500.0,1997-08-10,55960.0,10,9,2,Flood
INDOFLOODS-gauge-678-18,1997-08-25,1997-08-29,537.25,1997-08-28,1,6800.0,1997-08-28,29490.0,5,4,2,Severe Flood
INDOFLOODS-gauge-678-19,1999-07-24,1999-07-24,535.68,1999-07-24,1,3725.0,1999-07-24,3725.0,1,1,1,Flood
INDOFLOODS-gauge-678-20,2004-08-15,2004-08-15,535.66,2004-08-15,1,4650.3,2004-08-15,4650.3,1,1,1,Flood
INDOFLOODS-gauge-678-21,2005-07-28,2005-08-12,539.75,2005-08-06,1,10092.0,2005-08-06,133185.9,16,10,7,Severe Flood
INDOFLOODS-gauge-678-22,2006-07-31,2006-08-19,538.72,2006-08-13,1,8819.46,2006-08-13,144864.72,20,14,7,Severe Flood
INDOFLOODS-gauge-678-23,2007-07-02,2007-07-05,536.76,2007-07-03,1,5673.26,2007-07-03,21595.23,4,2,3,Flood
INDOFLOODS-gauge-678-24,2007-08-11,2007-08-11,535.77,2007-08-11,1,5028.94,2007-08-11,5028.94,1,1,1,Flood
INDOFLOODS-gauge-678-25,2008-08-13,2008-08-17,536.39,2008-08-15,2,5743.27,2008-08-15,27926.16,5,3,3,Flood
INDOFLOODS-gauge-678-26,2011-09-05,2011-09-07,536.42,2011-09-06,1,4533.81,2011-09-06,12975.83,3,2,2,Flood
INDOFLOODS-gauge-678-27,2013-07-27,2013-07-30,535.97,2013-07-28,2,5465.55,2013-07-29,21253.86,4,2,3,Flood
INDOFLOODS-gauge-678-28,2019-08-02,2019-08-02,535.68,2019-08-02,1,,,,1,1,1,Flood
INDOFLOODS-gauge-678-29,2019-08-04,2019-08-20,541.14,2019-08-09,1,,,,17,6,12,Severe Flood
INDOFLOODS-gauge-681-1,1967-07-26,1967-07-26,542.09,1967-07-26,1,1605.0,1967-07-26,1605.0,1,1,1,Flood
INDOFLOODS-gauge-681-2,1967-07-28,1967-08-04,544.22,1967-07-29,1,2000.0,1967-07-29,14085.0,8,2,7,Severe Flood
INDOFLOODS-gauge-681-3,1969-08-01,1969-08-03,543.29,1969-08-02,1,1650.0,1969-08-02,4650.0,3,2,2,Severe Flood
INDOFLOODS-gauge-681-4,1969-08-06,1969-08-07,542.56,1969-08-07,1,1422.4,1969-08-07,2678.6,2,2,1,Flood
INDOFLOODS-gauge-681-5,1973-07-09,1973-07-10,543.28,1973-07-09,1,2250.3,1973-07-09,3692.7,2,1,2,Severe Flood
INDOFLOODS-gauge-681-6,1975-07-11,1975-07-12,543.44,1975-07-11,1,2049.8,1975-07-12,4091.1,2,1,2,Severe Flood
INDOFLOODS-gauge-681-7,1976-06-08,1976-06-08,543.39,1976-06-08,1,1930.5,1976-06-08,1930.5,1,1,1,Severe Flood
INDOFLOODS-gauge-681-8,1976-08-02,1976-08-06,543.32,1976-08-03,1,2006.9,1976-08-03,9061.0,5,2,4,Severe Flood
INDOFLOODS-gauge-681-9,1979-08-08,1979-08-10,542.41,1979-08-09,1,1435.5,1979-08-08,4136.1,3,2,2,Flood
INDOFLOODS-gauge-681-10,1980-07-04,1980-07-06,542.8,1980-07-05,1,1747.4,1980-07-04,5009.63,3,2,2,Flood
INDOFLOODS-gauge-681-11,1988-07-20,1988-07-20,542.0,1988-07-20,1,1833.0,1988-07-20,1833.0,1,1,1,Flood
INDOFLOODS-gauge-681-12,1988-08-04,1988-08-05,542.85,1988-08-04,1,2025.0,1988-08-04,3995.0,2,1,2,Flood
INDOFLOODS-gauge-681-13,1989-07-26,1989-07-28,543.42,1989-07-27,1,2412.0,1989-07-27,6606.0,3,2,2,Severe Flood
INDOFLOODS-gauge-681-14,1990-08-18,1990-08-21,543.51,1990-08-20,1,1675.0,1990-08-20,6050.0,4,3,2,Severe Flood
INDOFLOODS-gauge-681-15,1991-07-28,1991-07-31,543.42,1991-07-29,2,2081.0,1991-07-29,7562.0,4,2,3,Severe Flood
INDOFLOODS-gauge-681-16,1994-07-14,1994-07-18,543.65,1994-07-17,1,2235.0,1994-07-17,10213.0,5,4,2,Severe Flood
INDOFLOODS-gauge-681-17,1994-09-04,1994-09-05,542.33,1994-09-04,1,1740.0,1994-09-04,2692.8,2,1,2,Flood
INDOFLOODS-gauge-681-18,1997-08-03,1997-08-03,541.96,1997-08-03,1,1183.0,1997-08-03,1183.0,1,1,1,Flood
INDOFLOODS-gauge-681-19,1997-08-08,1997-08-10,542.52,1997-08-09,1,1482.0,1997-08-10,4185.0,3,2,2,Flood
INDOFLOODS-gauge-681-20,1997-08-25,1997-08-28,543.56,1997-08-27,1,1710.0,1997-08-27,6234.0,4,3,2,Severe Flood
INDOFLOODS-gauge-681-21,2005-07-27,2005-08-10,546.32,2005-08-05,1,3064.0,2005-08-05,33428.0,15,10,6,Severe Flood
INDOFLOODS-gauge-681-22,2006-07-30,2006-08-04,544.23,2006-08-01,1,2000.0,2006-08-01,10970.0,6,3,4,Severe Flood
INDOFLOODS-gauge-681-23,2006-08-09,2006-08-15,544.27,2006-08-12,1,2010.0,2006-08-12,13175.0,7,4,4,Severe Flood
INDOFLOODS-gauge-681-24,2007-07-01,2007-07-03,542.39,2007-07-03,1,1568.65,2007-07-03,4645.94,3,3,1,Flood
INDOFLOODS-gauge-681-25,2011-09-05,2011-09-06,542.41,2011-09-06,1,1591.63,2011-09-06,3150.13,2,2,1,Flood
INDOFLOODS-gauge-681-26,2019-08-04,2019-08-20,546.95,2019-08-08,1,,,,17,5,13,Severe Flood
INDOFLOODS-gauge-682-1,1966-05-04,1966-05-04,474.84,1966-05-04,1,2213.6,1966-05-04,2213.6,1,1,1,Flood
INDOFLOODS-gauge-682-2,1967-07-28,1967-07-28,475.68,1967-07-28,1,2404.1,1967-07-28,2404.1,1,1,1,Severe Flood
INDOFLOODS-gauge-682-3,1967-07-30,1967-07-30,474.4,1967-07-30,1,1596.4,1967-07-30,1596.4,1,1,1,Flood
INDOFLOODS-gauge-682-4,1967-08-04,1967-08-04,474.8,1967-08-04,1,1805.1,1967-08-04,1805.1,1,1,1,Flood
INDOFLOODS-gauge-682-5,1969-08-31,1969-08-31,475.01,1969-08-31,1,2253.6,1969-08-31,2253.6,1,1,1,Flood
INDOFLOODS-gauge-682-6,1976-07-31,1976-07-31,474.27,1976-07-31,1,1830.1,1976-07-31,1830.1,1,1,1,Flood
INDOFLOODS-gauge-682-7,1976-08-02,1976-08-02,476.09,1976-08-02,1,2757.1,1976-08-02,2757.1,1,1,1,Severe Flood
INDOFLOODS-gauge-682-8,1979-09-26,1979-09-26,475.18,1979-09-26,1,2930.0,1979-09-26,2930.0,1,1,1,Severe Flood
INDOFLOODS-gauge-682-9,1981-09-21,1981-09-21,474.34,1981-09-21,1,2120.0,1981-09-21,2120.0,1,1,1,Flood
INDOFLOODS-gauge-682-10,1983-08-16,1983-08-16,475.28,1983-08-16,1,2409.6,1983-08-16,2409.6,1,1,1,Severe Flood
INDOFLOODS-gauge-682-11,1994-06-30,1994-06-30,474.17,1994-06-30,1,2237.0,1994-06-30,2237.0,1,1,1,Flood
INDOFLOODS-gauge-682-12,1996-10-05,1996-10-05,474.35,1996-10-05,1,2046.0,1996-10-05,2046.0,1,1,1,Flood
INDOFLOODS-gauge-682-13,1997-08-24,1997-08-25,474.63,1997-08-24,1,2165.0,1997-08-24,4215.0,2,1,2,Flood
INDOFLOODS-gauge-682-14,2019-08-05,2019-08-08,475.48,2019-08-06,1,,,,4,2,3,Severe Flood
INDOFLOODS-gauge-684-1,1997-08-24,1997-08-24,563.92,1997-08-24,1,5954.0,1997-08-24,5954.0,1,1,1,Flood
INDOFLOODS-gauge-684-2,2005-08-01,2005-08-03,564.82,2005-08-03,1,6312.0,2005-08-03,17571.0,3,3,1,Flood
INDOFLOODS-gauge-684-3,2006-07-30,2006-07-31,566.08,2006-07-30,1,6708.25,2006-07-30,12036.85,2,1,2,Flood
INDOFLOODS-gauge-684-4,2006-08-08,2006-08-08,563.72,2006-08-08,1,5152.7,2006-08-08,5152.7,1,1,1,Flood
INDOFLOODS-gauge-684-5,2019-08-05,2019-08-07,565.99,2019-08-07,1,,,,3,3,1,Flood
